Forville,FR,6.01,9.9,-1.46,74,1024,Clear,07:07 AM,03:53 PM,0.3,,10:51 AM,0
La Portanière,FR,12.41,13.38,10.34,60,1026,Clear,07:03 AM,04:01 PM,5.14,,10:51 AM,0
Wittenheim,FR,1.96,6.19,0.74,88,1031,Clear,07:15 AM,03:39 PM,2.14,,10:51 AM,1
Wattrelos,FR,5.58,6.81,4.92,92,1034,Mist,07:45 AM,03:43 PM,2.57,,10:51 AM,90
Vitré,FR,6.08,6.16,5.27,76,1030,Clear,07:51 AM,04:12 PM,5.29,,10:51 AM,10
Viry-Châtillon,FR,4.61,5.61,3.64,98,1032,Mist,07:39 AM,03:55 PM,4.12,,10:51 AM,90
Villeneuve-le-Roi,FR,4.61,5.58,3.62,98,1032,Mist,07:39 AM,03:55 PM,4.12,,10:51 AM,90
Vierzon,FR,2.3,4.29,1.35,60,1029,Clear,07:34 AM,04:03 PM,3.68,,10:51 AM,2
Verrières-le-Buisson,FR,4.27,5.37,3.23,98,1032,Fog,07:40 AM,03:55 PM,4.12,,10:51 AM,90
Arrondissement d'Antony,FR,4.56,5.48,3.51,98,1032,Mist,07:40 AM,03:55 PM,4.12,,10:49 AM,90
Vallauris,FR,11.42,14.73,9.89,52,1026,Clear,07:00 AM,03:57 PM,1.03,,10:50 AM,0
Tourcoing,FR,5.5,6.98,4.86,92,1034,Mist,07:45 AM,03:43 PM,2.57,,10:48 AM,90
Taverny,FR,4.63,5.29,3.79,97,1032,Mist,07:41 AM,03:54 PM,4.12,,10:51 AM,90
Soisy-sous-Montmorency,FR,4.87,5.57,4.07,94,1033,Clouds,07:41 AM,03:54 PM,5.14,,10:51 AM,90
Sin-le-Noble,FR,5.4,6.08,4.6,87,1033,Clouds,07:44 AM,03:45 PM,2.31,,10:51 AM,100
Sèvres,FR,4.26,5.31,3.16,98,1032,Fog,07:40 AM,03:55 PM,4.12,,10:51 AM,90
Salon-de-Provence,FR,6.95,7.87,3.71,66,1027,Clear,07:08 AM,04:04 PM,0,,10:51 AM,0
Saint-Ouen-sur-Seine,FR,4.77,5.55,3.99,96,1032,Fog,07:40 AM,03:55 PM,1.79,,10:51 AM,90
Saint-Fons,FR,1.37,3.11,0.18,93,1030,Mist,07:17 AM,03:58 PM,1.03,,10:51 AM,90
Saint-Avold,FR,3.01,4.36,1.5,99,1031,Clear,07:24 AM,03:36 PM,2.36,,10:49 AM,0
Rezé,FR,5.33,6.4,3.54,88,1029,Clouds,07:48 AM,04:17 PM,6.69,,10:51 AM,90
Pontivy,FR,4.42,5.53,3.14,79,1030,Clear,07:58 AM,04:19 PM,5.71,,10:51 AM,6
Pessac,FR,6.08,6.08,1.93,87,1027,Clear,07:35 AM,04:23 PM,1.54,,10:51 AM,4
Palaiseau,FR,4.37,5.48,3.34,98,1032,Fog,07:40 AM,03:56 PM,1.34,,10:51 AM,90
Ozoir-la-Ferrière,FR,4.15,5.17,3.2,99,1032,Mist,07:38 AM,03:54 PM,2.06,,10:51 AM,90
Oullins,FR,1.59,3.27,0.34,87,1030,Mist,07:17 AM,03:58 PM,1.03,,10:51 AM,90
Mougins,FR,11.47,14.71,9.87,52,1026,Clear,07:01 AM,03:57 PM,1.03,,10:48 AM,0
Morsang-sur-Orge,FR,4.57,5.56,3.6,98,1032,Mist,07:39 AM,03:56 PM,4.12,,10:51 AM,90
Montélimar,FR,3.19,6.05,0.54,65,1028,Clear,07:13 AM,04:02 PM,3.16,,10:51 AM,2
Montbéliard,FR,2.02,5.53,-0.4,69,1030,Clear,07:16 AM,03:43 PM,4.08,,10:51 AM,5
Maisons-Alfort,FR,4.7,5.62,3.66,97,1032,Mist,07:39 AM,03:55 PM,4.12,,10:51 AM,90
Louviers,FR,6.06,6.86,4.55,95,1033,Clouds,07:46 AM,03:58 PM,5.14,,10:47 AM,90
Limeil-Brévannes,FR,4.48,5.45,3.49,97,1032,Mist,07:39 AM,03:55 PM,4.12,,10:51 AM,90
Les Pavillons-sous-Bois,FR,4.57,5.38,3.88,94,1033,Clouds,07:39 AM,03:54 PM,1.79,,10:51 AM,90
Lattes,FR,8.15,8.32,7.55,75,1027,Clouds,07:13 AM,04:09 PM,3.09,,10:51 AM,90
Grigny,FR,4.35,5.36,3.4,99,1032,Mist,07:39 AM,03:55 PM,4.12,,10:51 AM,90
Goussainville,FR,4.57,5.26,3.76,94,1033,Clouds,07:40 AM,03:53 PM,4.12,,10:51 AM,75
Gien,FR,3.8,4.18,3.54,70,1030,Clear,07:34 AM,03:59 PM,4.57,,10:51 AM,4
Gagny,FR,4.64,5.47,3.97,94,1033,Clouds,07:39 AM,03:54 PM,5.14,,10:46 AM,90
Firminy,FR,-0.77,0.02,-0.79,93,1029,Mist,07:18 AM,04:01 PM,2.06,,10:51 AM,90
Échirolles,FR,7.25,9.5,-0.76,55,1027,Clear,07:11 AM,03:56 PM,0.47,,10:51 AM,2
Décines-Charpieu,FR,1.45,3.27,0.34,93,1030,Mist,07:17 AM,03:57 PM,1.03,,10:51 AM,90
Dammarie-les-Lys,FR,4.28,5.44,3.47,100,1032,Mist,07:37 AM,03:55 PM,2.06,,10:51 AM,90
Colombes,FR,4.85,5.6,4.04,96,1033,Fog,07:40 AM,03:55 PM,5.14,,10:51 AM,90
Cognac,FR,1.05,1.05,-0.29,93,1028,Clouds,07:38 AM,04:18 PM,5.14,,10:51 AM,75
Chenôve,FR,1.87,2.77,0.68,93,1030,Clouds,07:23 AM,03:51 PM,3.09,,10:51 AM,90
Chelles,FR,4.5,5.39,3.42,94,1033,Clouds,07:39 AM,03:54 PM,4.12,,10:51 AM,75
Cesson-Sévigné,FR,5.76,6.39,5.14,93,1031,Clouds,07:52 AM,04:14 PM,5.66,,10:51 AM,90
Cayenne,FR,5.17,6.17,3.86,91,1033,Clouds,07:46 AM,03:54 PM,5.45,,10:51 AM,74
Carvin,FR,5.49,6.64,4.56,89,1033,Mist,07:45 AM,03:45 PM,1.34,,10:51 AM,90
Bonneuil-sur-Marne,FR,4.64,5.6,3.64,97,1032,Mist,07:39 AM,03:55 PM,4.12,,10:51 AM,90
Belfort,FR,1.12,5.21,-0.72,68,1030,Clear,07:17 AM,03:42 PM,3.04,,10:51 AM,2
Bayeux,FR,5.15,7.55,5.14,84,1032,Clouds,07:54 AM,04:05 PM,5.56,,10:51 AM,23
Bagnolet,FR,4.49,5.31,3.75,96,1032,Mist,07:40 AM,03:54 PM,1.79,,10:49 AM,90
Autun,FR,0.49,2.35,-0.61,60,1029,Clear,07:24 AM,03:55 PM,1.6,,10:51 AM,0
Auch,FR,9.28,9.69,5.35,99,1026,Clear,07:26 AM,04:22 PM,0.62,,10:47 AM,0
Annecy-le-Vieux,FR,0.66,6.51,-0.09,93,1029,Clouds,07:13 AM,03:52 PM,0.51,,10:51 AM,90
Alfortville,FR,4.73,5.66,3.69,97,1032,Mist,07:39 AM,03:55 PM,4.12,,10:51 AM,90
Les Ulis,FR,3.85,5.2,2.85,98,1032,Mist,07:40 AM,03:56 PM,0.89,,10:51 AM,90
Saint-Jean-de-la-Ruelle,FR,4.17,5.28,2.78,94,1030,Mist,07:38 AM,04:01 PM,2.24,,10:51 AM,90
Saint-Herblain,FR,5.13,6.2,3.34,88,1029,Clouds,07:49 AM,04:18 PM,6.69,,10:51 AM,90
Saint-Étienne,FR,-1.36,-0.58,-2.37,93,1029,Mist,07:18 AM,04:00 PM,2.06,,10:50 AM,90
Saint-Cyr-sur-Loire,FR,3.95,4.14,3.36,91,1030,Clouds,07:40 AM,04:08 PM,5.14,,10:51 AM,90
Paris,FR,4.75,5.55,3.99,97,1032,Fog,07:40 AM,03:55 PM,1.79,,10:50 AM,90
Arrondissement de Boulogne-sur-Mer,FR,5.49,6.42,4.44,83,1034,Clouds,07:51 AM,03:48 PM,3.84,,10:51 AM,99
Outreau,FR,5.62,5.84,4.71,82,1034,Clouds,07:51 AM,03:49 PM,4.71,,10:51 AM,92
Orvault,FR,5.2,6.19,3.34,89,1029,Clouds,07:49 AM,04:17 PM,6.69,,10:51 AM,90
Arrondissement de Metz,FR,3.67,5.45,2.27,97,1031,Fog,07:26 AM,03:38 PM,2.57,,10:51 AM,90
Maurepas,FR,3.92,5.13,2.78,99,1031,Mist,07:41 AM,03:57 PM,1.34,,10:48 AM,90
Laon,FR,2.68,2.68,2.68,86,1032,Clouds,07:38 AM,03:46 PM,4.36,,10:51 AM,45
La Crau,FR,12.92,13.72,10.68,65,1027,Clear,07:03 AM,04:02 PM,0.45,,10:51 AM,0
La Courneuve,FR,4.85,5.62,4.06,94,1033,Clouds,07:40 AM,03:54 PM,1.79,,10:51 AM,90
Gentilly,FR,4.44,5.33,3.36,98,1032,Mist,07:40 AM,03:55 PM,0.45,,10:51 AM,90
Garches,FR,4.05,5.19,3.25,98,1032,Fog,07:40 AM,03:55 PM,0.45,,10:50 AM,90
Croix,FR,5.57,6.83,4.94,90,1033,Mist,07:45 AM,03:43 PM,2.57,,10:51 AM,90
Couëron,FR,5.17,6.27,3.42,88,1029,Clouds,07:49 AM,04:18 PM,6.69,,10:51 AM,90
Cernay,FR,1.51,5.71,-0.22,73,1031,Clear,07:16 AM,03:40 PM,2.48,,10:51 AM,0
Montussan,FR,6.04,6.06,1.91,71,1026,Clear,07:35 AM,04:22 PM,2.5,,10:51 AM,3
Saint-Laurent,FR,3.69,4.36,3.16,85,1032,Clouds,07:34 AM,03:41 PM,3.67,,10:51 AM,55
Saint-Bris-le-Vineux,FR,3.4,3.4,2.64,70,1030,Clear,07:30 AM,03:54 PM,3.83,,10:51 AM,5
Garanou,FR,11.16,12.93,3.19,92,1027,Clear,07:19 AM,04:21 PM,2.24,,10:51 AM,2
Provence-Alpes-Côte d'Azur Region,FR,6.78,7.6,6.24,41,1026,Clear,07:06 AM,03:59 PM,1.12,,10:51 AM,2
Var,FR,10.3,14.34,9.46,65,1026,Clear,07:03 AM,04:00 PM,2.31,,10:51 AM,2
Arrondissement de Narbonne,FR,9.8,12.31,6.71,74,1026,Clouds,07:15 AM,04:15 PM,0.72,,10:46 AM,37
Carbonne,FR,7.8,10.73,7.69,54,1026,Clear,07:23 AM,04:21 PM,0.58,,10:51 AM,0
Carbonne,FR,7.75,10.65,7.61,54,1026,Clear,07:23 AM,04:21 PM,0.56,,10:51 AM,0
Arrondissement de Marseille,FR,9.79,11.73,5.86,63,1026,Clear,07:06 AM,04:04 PM,0.89,,10:47 AM,3
Saint-Pierre,FR,7.78,12.32,3.93,77,1027,Clear,07:08 AM,04:05 PM,1.03,,10:51 AM,0
Ilharre,FR,9.92,13.12,8.05,59,1025,Clear,07:32 AM,04:30 PM,0.65,,10:51 AM,0
Les Mées,FR,9.63,9.63,8.32,42,1026,Clear,07:06 AM,03:59 PM,1.09,,10:51 AM,2
Castelsarrasin,FR,10.01,10.24,5.91,75,1027,Clear,07:26 AM,04:19 PM,2.38,,10:46 AM,0
Vallabrix,FR,5.14,6.99,3.2,65,1027,Clear,07:12 AM,04:05 PM,2.41,,10:51 AM,2
Lussolle,FR,6.07,12.75,3.55,66,1026,Clear,07:31 AM,04:24 PM,0.81,,10:51 AM,2
Pontenx-les-Forges,FR,7.09,13.33,1.9,60,1026,Clear,07:35 AM,04:27 PM,1.69,,10:51 AM,2
Pontenx-les-Forges,FR,7.37,13.4,1.97,60,1026,Clear,07:35 AM,04:27 PM,1.7,,10:51 AM,2
Saint-Trosse,FR,5.86,13.23,1.81,60,1026,Clear,07:35 AM,04:26 PM,1.61,,10:51 AM,2
Arrondissement de Périgueux,FR,6.6,10.69,-0.69,62,1027,Clear,07:32 AM,04:17 PM,0.95,,10:49 AM,2
Arrondissement de La Tour-du-Pin,FR,0.67,3.34,-1.32,67,1029,Clear,07:14 AM,03:56 PM,1.33,,10:51 AM,5
Four,FR,0.91,2.19,-0.73,100,1030,Fog,07:15 AM,03:57 PM,1.54,,10:51 AM,90
Corent,FR,-2.37,-2.37,-2.37,100,1029,Fog,07:23 AM,04:04 PM,1.03,,10:51 AM,90
Upper Savoy,FR,-7.58,-2.76,-8.48,93,1029,Clouds,07:12 AM,03:51 PM,0.51,,10:51 AM,90
Franche-Comté Region,FR,1.91,5.75,0.6,82,1028,Clear,07:17 AM,03:48 PM,0.72,,10:51 AM,1
Jura,FR,-0.52,1.21,-1.45,81,1028,Clear,07:17 AM,03:49 PM,0.54,,10:51 AM,1
Trouy,FR,1.04,2.46,0.93,64,1029,Clear,07:32 AM,04:02 PM,3.55,,10:51 AM,3
Trouy,FR,1.05,2.47,0.94,64,1029,Clear,07:32 AM,04:02 PM,3.53,,10:51 AM,3
Doubs,FR,0.39,3.18,-3.5,85,1029,Clear,07:16 AM,03:46 PM,1.5,,10:51 AM,4
Arrondissement de Pontarlier,FR,0.27,2.12,-4.71,99,1029,Clouds,07:16 AM,03:48 PM,1.58,,10:49 AM,11
La Croix Verte,FR,4.8,5.14,4.03,67,1029,Clear,07:43 AM,04:11 PM,4.73,,10:51 AM,1
Ormenans,FR,1.86,5.98,0.06,65,1029,Clear,07:18 AM,03:45 PM,3.79,,10:51 AM,2
Brittany Region,FR,4.71,5.69,3.31,78,1030,Clear,07:58 AM,04:20 PM,5.91,,10:51 AM,6
Champagne-Ardenne Region,FR,2.33,2.78,2.03,98,1032,Clear,07:32 AM,03:45 PM,3.91,,10:51 AM,7
Île-de-France Region,FR,4.23,5.32,3.36,100,1032,Mist,07:38 AM,03:56 PM,2.06,,10:51 AM,90
Fontenailles,FR,3.82,5.11,3.14,99,1031,Clear,07:36 AM,03:54 PM,4.55,,10:51 AM,9
Audignicourt,FR,4.77,5.72,4.18,87,1033,Clouds,07:39 AM,03:49 PM,4.6,,10:51 AM,63
Somme,FR,4.63,5.77,4.44,100,1033,Fog,07:44 AM,03:49 PM,4.12,,10:51 AM,90
Béthencourt-sur-Mer,FR,4.84,6.36,4.66,88,1033,Clouds,07:49 AM,03:53 PM,4.64,,10:51 AM,74
L'Hospitalet-près-l'Andorre,FR,5.26,7.14,-2.6,34,1026,Clear,07:18 AM,04:21 PM,1.17,,10:51 AM,1
L'Allier,FR,3.68,5.09,2.95,79,1031,Clear,07:41 AM,04:03 PM,5.9,,10:51 AM,6
L'Eure,FR,5.76,6.97,5.38,100,1033,Clouds,07:52 AM,04:01 PM,4.63,,10:51 AM,90
Saint-Girons,FR,11.71,14.21,11.71,48,1025,Clear,07:22 AM,04:22 PM,0.68,,10:51 AM,0
Grenoble,FR,6.91,9.88,-0.38,55,1029,Clear,07:11 AM,03:56 PM,0.45,,10:47 AM,1
Serres-Castet,FR,11.1,13.9,2.68,58,1026,Clear,07:29 AM,04:27 PM,1.54,,10:51 AM,0
Mamers,FR,6.28,6.28,6.28,77,1031,Clear,07:45 AM,04:05 PM,5.47,,10:51 AM,7
Bar-sur-Aube,FR,3.06,3.07,2.63,94,1030,Clear,07:28 AM,03:48 PM,4.06,,10:51 AM,7
Anguilcourt-le-Sart,FR,4.38,4.38,4.31,85,1033,Clouds,07:39 AM,03:47 PM,4.63,,10:51 AM,80
Yerres,FR,4.3,5.31,3.34,97,1032,Mist,07:39 AM,03:55 PM,4.12,,10:51 AM,90
Arrondissement de Mulhouse,FR,2.13,5.75,-0.12,82,1030,Clouds,07:14 AM,03:40 PM,0.89,,10:51 AM,20
Hésingue,FR,2.65,5.92,0.05,78,1030,Clouds,07:14 AM,03:39 PM,2.06,,10:51 AM,20
Les Chenais,FR,5.6,6.12,5.02,76,1030,Clear,07:51 AM,04:13 PM,5.14,,10:51 AM,6
Arrondissement de Sarlat-la-Canéda,FR,3.38,9.13,3.38,64,1027,Clear,07:29 AM,04:16 PM,0.8,,10:51 AM,2
Dhuizon,FR,3.9,4.42,2.84,87,1030,Clear,07:37 AM,04:03 PM,4.62,,10:51 AM,4
Dhuizon,FR,3.87,4.38,2.81,87,1030,Clear,07:37 AM,04:03 PM,4.6,,10:51 AM,4
Lot-et-Garonne,FR,7.29,10.32,3.36,84,1027,Clear,07:29 AM,04:20 PM,3.6,,10:51 AM,0
Arrondissement d'Agen,FR,6.76,10.8,5.91,87,1027,Clear,07:28 AM,04:20 PM,3.6,,10:51 AM,0
Pont-du-Casse,FR,7.55,10.8,3.85,87,1027,Clear,07:28 AM,04:20 PM,3.6,,10:51 AM,0
Pont-du-Casse,FR,7.54,10.79,3.83,87,1027,Clear,07:28 AM,04:20 PM,3.6,,10:51 AM,0
Rosny-sous-Bois,FR,4.53,5.41,3.44,95,1032,Mist,07:39 AM,03:54 PM,1.79,,10:46 AM,90
Grégny,FR,4.73,12.03,-3.43,98,1026,Clear,07:09 AM,03:52 PM,1.3,,10:51 AM,0
Plérin,FR,3.64,7.32,3.62,100,1031,Fog,07:59 AM,04:17 PM,3.6,,10:51 AM,90
Arrondissement de Rambouillet,FR,3.96,4.94,3.2,95,1032,Clear,07:40 AM,03:58 PM,4.82,,10:51 AM,7
Saint-Germain-de-la-Grange,FR,4.42,5.52,3.58,95,1032,Mist,07:42 AM,03:57 PM,3.09,,10:51 AM,90
Allier,FR,0.16,0.17,0.16,62,1029,Clear,07:27 AM,04:02 PM,2.29,,10:51 AM,4
Pouillon,FR,10.18,13.17,8.1,99,1026,Clear,07:33 AM,04:29 PM,1.33,,10:51 AM,1
Aiffres,FR,1.59,1.92,0.56,58,1028,Clear,07:40 AM,04:16 PM,5.22,,10:51 AM,3
Aiffres,FR,1.85,1.85,0.49,58,1028,Clear,07:40 AM,04:16 PM,5.25,,10:51 AM,3
Arrondissement de Dijon,FR,1.04,2.12,0.86,93,1030,Clouds,07:23 AM,03:50 PM,3.09,,10:51 AM,90
Marcilly-sur-Tille,FR,1.6,2.71,1.45,66,1029,Clear,07:23 AM,03:49 PM,2.37,,10:51 AM,0
Marcilly-sur-Tille,FR,1.58,2.68,1.42,65,1029,Clear,07:23 AM,03:49 PM,2.35,,10:51 AM,0
Montaigut-sur-Save,FR,8.44,11.91,7.81,81,1027,Clear,07:24 AM,04:19 PM,0,,10:51 AM,0
Allennes-les-Marais,FR,5.52,6.84,4.55,89,1033,Mist,07:45 AM,03:45 PM,1.34,,10:51 AM,90
Quiberon,FR,5.78,6.15,4.19,88,1028,Clear,07:56 AM,04:22 PM,4.92,,10:51 AM,4
Nexon,FR,4.45,9.03,4.45,70,1026,Clear,07:31 AM,04:12 PM,1.54,,10:51 AM,0
Loiret,FR,4.05,4.25,3.43,94,1030,Clear,07:36 AM,03:59 PM,4.65,,10:51 AM,5
La Jacqueminière,FR,3.38,3.99,3.35,93,1028,Clear,07:33 AM,03:55 PM,5.13,,10:51 AM,7
Quévert,FR,4.97,5.71,3.33,100,1030,Clouds,07:56 AM,04:14 PM,1.34,,10:51 AM,90
Hazebrouck,FR,5.89,6.84,4.95,91,1033,Clouds,07:48 AM,03:45 PM,3.25,,10:51 AM,100
Villeurbanne,FR,1.66,3.38,0.45,93,1030,Mist,07:17 AM,03:57 PM,1.03,,10:47 AM,90
Arrondissement de Brest,FR,7.46,8.1,7.08,93,1029,Clear,08:06 AM,04:24 PM,7.72,,10:51 AM,4
Amiens,FR,4.92,5.81,4.47,86,1033,Clouds,07:45 AM,03:50 PM,4.68,,10:50 AM,98
Strasbourg,FR,1.77,2.55,1.02,100,1032,Mist,07:17 AM,03:34 PM,1.54,,10:51 AM,90
Nanterre,FR,4.79,5.55,3.99,97,1032,Fog,07:41 AM,03:55 PM,0.45,,10:51 AM,90
Orne,FR,4.3,4.3,4.3,80,1032,Clouds,07:48 AM,04:05 PM,4.16,,10:51 AM,14
Créteil,FR,4.57,5.52,3.55,97,1032,Mist,07:39 AM,03:55 PM,4.12,,10:49 AM,90
Saint-Denis,FR,4.87,5.64,4.08,94,1033,Clouds,07:40 AM,03:54 PM,1.79,,10:50 AM,90
Clermont-Ferrand,FR,-2.34,-2.34,-2.34,100,1029,Fog,07:24 AM,04:04 PM,1.03,,10:51 AM,90
Clermont-Ferrand,FR,-2.53,-2.53,-2.53,100,1029,Fog,07:24 AM,04:04 PM,1.03,,10:51 AM,90
Arrondissement de Tarbes,FR,12.83,13.26,6.92,44,1025,Clear,07:27 AM,04:25 PM,3.09,,10:49 AM,0
Clermont,FR,5.05,5.33,4.3,90,1033,Clouds,07:42 AM,03:52 PM,5.06,,10:51 AM,58
Perpignan,FR,11.9,14.61,7.01,74,1027,Clear,07:14 AM,04:16 PM,1.03,,10:51 AM,0
Calvados,FR,4.88,5.35,4.88,100,1033,Clouds,07:53 AM,04:05 PM,4.63,,10:51 AM,90
Le Mans,FR,3.96,4.94,3.5,75,1030,Clouds,07:45 AM,04:07 PM,5.46,,10:51 AM,12
Le Mans,FR,3.96,4.94,3.5,75,1030,Clouds,07:45 AM,04:07 PM,5.46,,10:51 AM,12
Reims,FR,2.99,4.68,2.53,93,1033,Mist,07:35 AM,03:46 PM,2.06,,10:51 AM,90
Argentan,FR,4.4,4.87,4.4,80,1032,Clouds,07:49 AM,04:05 PM,3.75,,10:51 AM,17
Arrondissement de Roanne,FR,-0.15,1.12,-2.16,59,1028,Clear,07:21 AM,04:00 PM,1.61,,10:50 AM,1
Roanne,FR,0,1.55,-0.27,60,1028,Clear,07:21 AM,03:59 PM,1.19,,10:51 AM,1
Landerneau,FR,7.88,8.55,7.52,93,1029,Mist,08:04 AM,04:23 PM,5.66,,10:51 AM,75
Arrondissement de Beauvais,FR,4.96,6.44,4.19,99,1031,Clouds,07:44 AM,03:54 PM,0.45,,10:51 AM,90
Ville-d'Avray,FR,4.32,5.36,3.22,98,1032,Fog,07:40 AM,03:55 PM,4.12,,10:51 AM,90
Fontainebleau,FR,4.17,5.37,3.4,80,1031,Clear,07:36 AM,03:55 PM,4.49,,10:50 AM,8
Chamalières,FR,-2.6,-2.6,-2.6,100,1029,Fog,07:24 AM,04:04 PM,1.03,,10:51 AM,90
Saint-Brieuc,FR,3.18,6.85,3.16,100,1031,Fog,07:59 AM,04:17 PM,3.6,,10:51 AM,90
Nièvre,FR,0.29,0.3,0.29,62,1029,Clear,07:28 AM,03:58 PM,1.59,,10:51 AM,2
La Seyne-sur-Mer,FR,12.9,13.97,7.47,73,1026,Clear,07:03 AM,04:03 PM,3.13,,10:51 AM,3
Coutances,FR,7.24,7.4,4.92,79,1032,Clear,07:56 AM,04:09 PM,5.29,,10:51 AM,10
Coutances,FR,7.24,7.4,4.92,79,1032,Clear,07:56 AM,04:09 PM,5.29,,10:51 AM,10
Mondeville,FR,5.43,5.88,5.41,100,1033,Clouds,07:52 AM,04:04 PM,4.63,,10:51 AM,90
Yèvres,FR,4.52,5.05,2.91,81,1031,Clear,07:42 AM,04:02 PM,5.65,,10:51 AM,7
Saverne,FR,1.8,4.95,0.7,82,1031,Clouds,07:19 AM,03:35 PM,1.55,,10:51 AM,47
Lunéville,FR,1.98,3.27,1.55,81,1031,Clouds,07:22 AM,03:39 PM,4.07,,10:51 AM,20
Arrondissement du Puy-en-Velay,FR,-2.57,-2.57,-2.57,54,1027,Clear,07:19 AM,04:04 PM,0.47,,10:51 AM,1
Coubon,FR,-1.6,-1.6,-1.6,56,1027,Clear,07:18 AM,04:04 PM,0.7,,10:51 AM,1
Coubon,FR,-1.6,-1.6,-1.6,56,1027,Clear,07:18 AM,04:04 PM,0.71,,10:51 AM,1
Arrondissement de Charleville-Mézières,FR,3.61,4.46,3.27,87,1032,Clouds,07:36 AM,03:42 PM,3.86,,10:51 AM,85
Arrondissement de Bonneville,FR,-4.74,1.96,-7.07,95,1026,Clear,07:11 AM,03:49 PM,0.95,,10:51 AM,0
Sotteville,FR,7.77,9.2,7.09,83,1032,Clouds,07:59 AM,04:08 PM,7.03,,10:51 AM,18
Riva-Bella,FR,5.57,5.89,5.42,100,1033,Clouds,07:52 AM,04:03 PM,4.63,,10:51 AM,90
Arrondissement de Saint-Julien-en-Genevois,FR,-1,2.17,-1.96,88,1029,Clouds,07:13 AM,03:51 PM,0.51,,10:51 AM,90
Labenne,FR,10.1,14.46,8.38,83,1026,Clear,07:34 AM,04:30 PM,1.54,,10:51 AM,0
Bruges,FR,6.15,6.17,2.01,87,1027,Clear,07:36 AM,04:23 PM,1.54,,10:51 AM,3
Tresses,FR,5.87,5.89,1.73,87,1027,Clear,07:35 AM,04:22 PM,1.54,,10:51 AM,3
Lacanau,FR,6.16,6.18,2.03,71,1026,Clear,07:38 AM,04:24 PM,2.95,,10:51 AM,4
Arrondissement d'Épinal,FR,-0.16,1.36,-1.04,68,1030,Clear,07:20 AM,03:41 PM,2.13,,10:51 AM,1
Gavray,FR,6.46,7.53,5.14,77,1031,Clear,07:55 AM,04:09 PM,4.48,,10:51 AM,8
Baron-sur-Odon,FR,4.95,5.42,4.94,100,1033,Clouds,07:52 AM,04:05 PM,4.63,,10:51 AM,90
Arrondissement de Nontron,FR,9.3,9.39,-2,60,1027,Clear,07:32 AM,04:14 PM,0.62,,10:51 AM,2
Biguglia,FR,12.96,15.07,11.31,57,1030,Clouds,06:48 AM,03:50 PM,2.57,,10:51 AM,20
Rots,FR,5.14,5.6,5.13,100,1033,Clouds,07:53 AM,04:04 PM,4.63,,10:51 AM,90
Arrondissement d'Ajaccio,FR,10.4,13.09,9.99,58,1026,Clear,06:48 AM,03:54 PM,1.03,,10:47 AM,0
Crépy-en-Valois,FR,4.43,5.07,3.81,90,1032,Clouds,07:39 AM,03:51 PM,4.73,,10:51 AM,24
Virelade,FR,6.22,6.23,2.08,71,1026,Clear,07:34 AM,04:22 PM,2.26,,10:51 AM,3
Châteauneuf-les-Martigues,FR,7.94,13.62,3.97,87,1027,Clear,07:07 AM,04:05 PM,1.03,,10:51 AM,2
Castandet,FR,7.18,12.99,3.6,93,1026,Clear,07:31 AM,04:25 PM,1.03,,10:51 AM,0
Saint-Laurent-du-Var,FR,12.08,15.34,10.5,54,1026,Clear,07:00 AM,03:56 PM,4.12,,10:48 AM,0
Vienne,FR,2.03,3.49,0.03,65,1029,Clear,07:16 AM,03:58 PM,2.04,,10:51 AM,3
Bonneuil-en-France,FR,4.82,5.55,4.05,94,1033,Clouds,07:40 AM,03:54 PM,5.14,,10:51 AM,90
Wittenheim,FR,1.98,5.61,0.3,88,1031,Clear,07:15 AM,03:39 PM,2.14,,10:46 AM,1
Vallauris,FR,11.86,15.08,10.2,51,1026,Clear,07:00 AM,03:57 PM,1.03,,10:51 AM,0
Sin-le-Noble,FR,5.2,6.08,4.53,87,1033,Clouds,07:44 AM,03:45 PM,2.31,,10:47 AM,100
Sens,FR,3.94,4.64,3.23,86,1031,Clouds,07:33 AM,03:54 PM,4.51,,10:51 AM,17
Saint-Priest,FR,1.35,3.16,0.23,93,1030,Mist,07:17 AM,03:57 PM,1.03,,10:51 AM,90
Saint-Pol-sur-Mer,FR,6.4,6.98,5.64,98,1034,Clouds,07:50 AM,03:45 PM,0.45,,10:51 AM,100
Saint-Pierre-des-Corps,FR,4.13,4.36,3.57,91,1030,Clouds,07:40 AM,04:07 PM,5.14,,10:51 AM,90
Saint-Pierre-des-Corps,FR,4.12,4.36,3.57,91,1030,Clouds,07:40 AM,04:07 PM,5.14,,10:51 AM,90
Saint-Maximin-la-Sainte-Baume,FR,10.26,12.07,5.57,50,1025,Clear,07:05 AM,04:02 PM,1.73,,10:51 AM,3
Saint-Martin-d'Hères,FR,7,9.86,-0.4,55,1027,Clear,07:11 AM,03:56 PM,0.43,,10:51 AM,2
Saint-Jean-de-la-Ruelle,FR,4.21,5.31,2.81,94,1030,Mist,07:38 AM,04:01 PM,2.24,,10:51 AM,90
Saint-Jean-de-Braye,FR,4.27,4.43,3.62,94,1030,Mist,07:37 AM,04:00 PM,2.24,,10:51 AM,90
Saint-Jean-de-Braye,FR,4.24,4.4,3.58,94,1030,Mist,07:37 AM,04:00 PM,2.24,,10:50 AM,90
Saint-Fons,FR,1.62,3.35,0.42,93,1030,Mist,07:17 AM,03:58 PM,1.03,,10:51 AM,90
Saintes,FR,1.03,1.99,-0.32,54,1027,Clear,07:39 AM,04:19 PM,2.93,,10:51 AM,4
Sainte-Foy-lès-Lyon,FR,1.01,2.68,-0.25,87,1030,Mist,07:17 AM,03:58 PM,1.03,,10:51 AM,90
Saint Egreve,FR,6.35,9.86,-0.4,55,1029,Clear,07:12 AM,03:56 PM,0.45,,10:51 AM,1
Saint-Dié-des-Vosges,FR,0.1,1.16,-0.23,67,1030,Clear,07:19 AM,03:39 PM,1.41,,10:51 AM,0
Saint-Cyr-sur-Loire,FR,3.95,4.14,3.36,91,1030,Clouds,07:40 AM,04:08 PM,5.14,,10:51 AM,90
Saint-Amand-les-Eaux,FR,5.22,6.66,4.51,99,1032,Clouds,07:43 AM,03:43 PM,2.22,,10:46 AM,100
Pontivy,FR,4.42,5.53,3.14,79,1030,Clear,07:58 AM,04:19 PM,5.71,,10:51 AM,6
Ploemeur,FR,4.98,7.33,4.05,87,1029,Clouds,07:58 AM,04:23 PM,7.72,,10:49 AM,20
Pertuis,FR,6.95,12.47,2.83,52,1026,Clear,07:07 AM,04:02 PM,0.44,,10:51 AM,3
Palaiseau,FR,4.37,5.48,3.34,98,1032,Fog,07:40 AM,03:56 PM,1.34,,10:51 AM,90
Outreau,FR,5.55,5.76,4.64,82,1034,Clouds,07:51 AM,03:49 PM,4.69,,10:51 AM,93
Oullins,FR,1.65,3.33,0.4,87,1030,Mist,07:17 AM,03:58 PM,1.03,,10:51 AM,90
Cherbourg-en-Cotentin,FR,8.04,9.45,7.49,100,1032,Clouds,07:59 AM,04:07 PM,6.69,,10:51 AM,90
Octeville,FR,7.49,8.88,6.92,100,1032,Clouds,07:59 AM,04:07 PM,6.69,,10:51 AM,90
Noyon,FR,4.62,5.89,4.29,86,1033,Clouds,07:40 AM,03:49 PM,4.52,,10:51 AM,83
Noyon,FR,4.62,5.89,4.29,86,1033,Clouds,07:40 AM,03:49 PM,4.52,,10:46 AM,83
Niort,FR,1.94,1.94,0.58,58,1028,Clear,07:41 AM,04:16 PM,5.3,,10:51 AM,3
Morlaix,FR,7.6,8.42,7.4,93,1030,Clouds,08:03 AM,04:21 PM,4.63,,10:51 AM,90
Montivilliers,FR,5.69,6.86,5.27,100,1033,Clouds,07:52 AM,04:00 PM,4.63,,10:51 AM,90
Montigny-lès-Metz,FR,3.77,5.4,2.21,97,1031,Fog,07:26 AM,03:38 PM,2.57,,10:51 AM,90
Millau,FR,8.38,8.38,8.38,60,1026,Clear,07:18 AM,04:11 PM,0.35,,10:47 AM,0
Meyzieu,FR,1.43,3.19,0.26,93,1030,Mist,07:17 AM,03:57 PM,1.03,,10:50 AM,90
Meylan,FR,7.45,9.48,1.35,55,1027,Clear,07:11 AM,03:56 PM,0.44,,10:51 AM,3
Mayenne,FR,5.95,5.95,5.95,75,1031,Clouds,07:49 AM,04:09 PM,5.47,,10:51 AM,16
Mauguio,FR,8.03,8.28,7.52,74,1028,Clouds,07:13 AM,04:09 PM,3.09,,10:51 AM,90
Lucé,FR,4.47,5.01,2.86,95,1032,Clear,07:42 AM,04:00 PM,3.58,,10:51 AM,8
Louviers,FR,6.06,6.86,4.55,95,1033,Clouds,07:46 AM,03:58 PM,5.14,,10:51 AM,90
Lingolsheim,FR,1.8,2.41,1.05,100,1032,Mist,07:17 AM,03:35 PM,1.54,,10:51 AM,90
Les Herbiers,FR,3.03,5.04,2.84,64,1028,Clear,07:45 AM,04:17 PM,5.92,,10:51 AM,3
Le Puy-en-Velay,FR,-1.55,-1.55,-1.55,55,1027,Clear,07:18 AM,04:04 PM,0.57,,10:51 AM,1
Le Pontet,FR,5.62,8.23,4.06,77,1028,Clear,07:10 AM,04:04 PM,1.03,,10:51 AM,0
Le Bouscat,FR,6.21,6.22,2.06,87,1027,Clear,07:36 AM,04:23 PM,1.54,,10:51 AM,3
Lattes,FR,8.16,8.32,7.56,75,1027,Clouds,07:13 AM,04:09 PM,3.09,,10:51 AM,90
Lanester,FR,5.24,7.44,4.16,87,1030,Clouds,07:58 AM,04:22 PM,7.72,,10:51 AM,20
La Crau,FR,12.92,13.72,10.68,65,1027,Clear,07:03 AM,04:02 PM,0.45,,10:51 AM,0
La Chapelle-sur-Erdre,FR,5.24,6.18,3.32,89,1029,Clouds,07:49 AM,04:17 PM,1.34,,10:51 AM,90
Hautmont,FR,4.4,5.51,3.82,57,1033,Clouds,07:40 AM,03:42 PM,2.71,,10:51 AM,100
Fleury-les-Aubrais,FR,4.19,4.36,3.54,94,1030,Mist,07:38 AM,04:00 PM,2.24,,10:51 AM,90
Firminy,FR,-0.71,0.08,-0.72,93,1029,Mist,07:18 AM,04:01 PM,2.06,,10:51 AM,90
Dole,FR,2.07,3.05,0.96,87,1030,Clouds,07:20 AM,03:50 PM,3.6,,10:51 AM,90
Cran-Gevrier,FR,0.43,6.29,-0.31,93,1029,Clouds,07:13 AM,03:52 PM,0.51,,10:51 AM,90
Coulommiers,FR,4.17,5.38,3.03,80,1032,Clear,07:37 AM,03:52 PM,4.52,,10:51 AM,6
Couëron,FR,5.13,6.23,3.38,88,1029,Clouds,07:49 AM,04:18 PM,6.69,,10:51 AM,90
Coudekerque-Branche,FR,6.4,6.99,5.65,99,1034,Mist,07:50 AM,03:44 PM,0.45,,10:51 AM,90
Châtellerault,FR,0.4,3.85,0.4,61,1029,Clear,07:38 AM,04:11 PM,4.94,,10:51 AM,1
Cesson-Sévigné,FR,5.76,6.39,5.14,93,1031,Clouds,07:52 AM,04:14 PM,5.66,,10:51 AM,90
Cavaillon,FR,5.42,7.91,3.75,81,1028,Clear,07:09 AM,04:04 PM,1.03,,10:51 AM,2
Carvin,FR,5.31,6.81,4.44,89,1033,Mist,07:45 AM,03:45 PM,1.34,,10:46 AM,90
Carquefou,FR,5.37,6.3,3.44,89,1029,Clouds,07:49 AM,04:17 PM,1.34,,10:51 AM,90
Canteleu,FR,5.75,6.26,4.55,93,1032,Clouds,07:48 AM,03:57 PM,1.34,,10:51 AM,90
Bruay-la-Buissière,FR,5.39,6.62,4.25,100,1034,Clouds,07:47 AM,03:46 PM,2.92,,10:51 AM,100
Bourg-lès-Valence,FR,0.16,10.38,0.12,100,1029,Mist,07:14 AM,04:00 PM,2.57,,10:51 AM,90
Pantine,FR,11.95,14.07,10.31,68,1033,Clear,06:48 AM,03:50 PM,0.45,,10:51 AM,1
Languedoc-Roussillon Region,FR,7.15,10.74,6.33,69,1026,Clear,07:16 AM,04:12 PM,0.92,,10:51 AM,0
Marseille,FR,11.43,13.7,7.82,63,1026,Clear,07:06 AM,04:04 PM,0.89,,10:48 AM,3
Arrondissement de Bayonne,FR,10.35,13.93,7.85,66,1026,Clear,07:33 AM,04:31 PM,1.54,,10:51 AM,0
Arrondissement de Digne-les-Bains,FR,7.68,7.74,6.38,53,1025,Clear,07:05 AM,03:58 PM,0.84,,10:51 AM,1
Arrondissement de Mont-de-Marsan,FR,9.16,13.1,3.71,75,1026,Clear,07:33 AM,04:26 PM,1.03,,10:51 AM,0
Centre-Val de Loire,FR,3.7,4.49,2.91,65,1030,Clear,07:36 AM,04:03 PM,4.19,,10:51 AM,4
Cher,FR,1.09,1.09,0.97,93,1030,Mist,07:31 AM,04:02 PM,4.63,,10:51 AM,90
Arrondissement de Bourges,FR,1,3.27,0.65,59,1029,Clear,07:33 AM,04:01 PM,4,,10:50 AM,3
Arrondissement de Laon,FR,3.14,4.82,3.14,86,1032,Clouds,07:38 AM,03:46 PM,4.25,,10:51 AM,40
Audignicourt,FR,4.58,5.53,3.98,87,1033,Clouds,07:40 AM,03:49 PM,4.59,,10:51 AM,64
Béthencourt-sur-Mer,FR,4.88,6.38,4.68,88,1033,Clouds,07:49 AM,03:52 PM,4.66,,10:51 AM,73
Andrézieux-Bouthéon,FR,0.06,0.83,-0.96,93,1029,Mist,07:19 AM,04:01 PM,2.06,,10:51 AM,90
Saint-Sandoux,FR,-4.38,-4.38,-4.38,100,1029,Fog,07:24 AM,04:05 PM,1.03,,10:51 AM,90
Ambacourt,FR,1.84,7.03,-0.01,100,1030,Fog,07:22 AM,03:42 PM,3.09,,10:51 AM,90
Essonne,FR,4.03,5.14,3.4,93,1031,Clear,07:39 AM,03:57 PM,4.82,,10:51 AM,8
Arrondissement de Romorantin-Lanthenay,FR,3.21,4.38,1.27,93,1031,Clouds,07:36 AM,04:03 PM,4.63,,10:51 AM,90
Kerfeunteun,FR,7.41,8.24,5.82,81,1029,Clear,08:02 AM,04:24 PM,3.6,,10:51 AM,0
Arrondissement de Dax,FR,10.06,13.2,8.13,94,1026,Clear,07:34 AM,04:29 PM,1.62,,10:51 AM,2
Deux-Sèvres,FR,-0.36,-0.36,-0.36,61,1028,Clear,07:40 AM,04:15 PM,6.21,,10:51 AM,2
Arrondissement de Niort,FR,0.19,1.55,0.19,59,1028,Clear,07:40 AM,04:16 PM,5.57,,10:51 AM,2
Hautes-Alpes,FR,-1.37,2.98,-1.48,81,1025,Clear,07:06 AM,03:55 PM,1.06,,10:51 AM,0
Le Fango,FR,12.87,15.05,11.29,59,1031,Clouds,06:48 AM,03:50 PM,0.45,,10:51 AM,20
Arrondissement de Dinan,FR,4.72,5.56,3.18,100,1031,Clear,07:56 AM,04:15 PM,4.19,,10:51 AM,5
Arrondissement de La Rochelle,FR,2.05,3.51,2.05,93,1028,Mist,07:42 AM,04:19 PM,7.2,,10:51 AM,90
Saint-Médard-d'Aunis,FR,1.9,3.36,1.9,93,1028,Mist,07:42 AM,04:19 PM,7.2,,10:50 AM,90
Saint-Médard-d'Aunis,FR,1.95,3.4,1.95,93,1028,Mist,07:42 AM,04:19 PM,7.2,,10:51 AM,90
Arrondissement d'Amiens,FR,4.7,5.46,4.12,44,1033,Clouds,07:45 AM,03:51 PM,4.55,,10:51 AM,98
Arrondissement de Strasbourg,FR,1.77,2.55,1.02,100,1032,Mist,07:17 AM,03:34 PM,1.54,,10:51 AM,90
Arrondissement de Nanterre,FR,4.77,5.53,3.97,97,1032,Fog,07:41 AM,03:55 PM,0.45,,10:51 AM,90
Arrondissement d'Argentan,FR,4.47,4.47,4.47,81,1032,Clouds,07:49 AM,04:05 PM,4.1,,10:51 AM,16
Arrondissement de Créteil,FR,4.68,5.62,3.65,97,1032,Mist,07:39 AM,03:55 PM,4.12,,10:51 AM,90
Arrondissement de Saint-Denis,FR,4.83,5.6,4.04,95,1032,Fog,07:40 AM,03:54 PM,1.79,,10:50 AM,90
Juan-les-Pins,FR,12.57,15.85,10.97,51,1026,Clear,07:00 AM,03:56 PM,1.03,,10:51 AM,0
Tarbes,FR,12.88,13.36,7.01,44,1025,Clear,07:27 AM,04:26 PM,3.09,,10:51 AM,0
Arrondissement de Perpignan,FR,10.82,15,5.87,74,1027,Clear,07:15 AM,04:17 PM,1.03,,10:50 AM,0
Arrondissement de Caen,FR,5.14,5.6,5.12,100,1033,Clouds,07:52 AM,04:05 PM,4.63,,10:51 AM,90
Brie-Comte-Robert,FR,4.3,5.35,3.38,99,1032,Mist,07:38 AM,03:54 PM,2.06,,10:51 AM,90
Arrondissement du Mans,FR,3.56,4.99,3.56,74,1030,Clear,07:45 AM,04:07 PM,5.45,,10:51 AM,10
Loos,FR,5.56,6.85,4.96,90,1033,Mist,07:45 AM,03:44 PM,2.57,,10:51 AM,90
Aubière,FR,-2.39,-2.39,-2.39,100,1029,Fog,07:24 AM,04:04 PM,1.03,,10:51 AM,90
Viale,FR,8.8,8.8,4.21,64,1027,Clear,07:31 AM,04:13 PM,0.53,,10:51 AM,1
Ville-d'Avray,FR,3.95,4.99,2.85,98,1032,Fog,07:40 AM,03:56 PM,4.12,,10:51 AM,90
Arrondissement de Fontainebleau,FR,4.13,5.32,3.36,80,1031,Clear,07:36 AM,03:55 PM,4.49,,10:51 AM,8
Montreuil,FR,4.39,5.21,3.65,96,1032,Mist,07:40 AM,03:54 PM,1.79,,10:51 AM,90
Chamalières,FR,-2.56,-2.56,-2.56,100,1029,Fog,07:24 AM,04:04 PM,1.03,,10:48 AM,90
Arrondissement de Nevers,FR,0.32,0.33,0.32,93,1031,Clouds,07:28 AM,03:59 PM,3.6,,10:46 AM,90
Rambouillet,FR,4.08,4.99,3.26,96,1031,Clear,07:41 AM,03:58 PM,2.24,,10:51 AM,7
La Seyne-sur-Mer,FR,12.9,13.97,7.47,73,1026,Clear,07:03 AM,04:03 PM,3.13,,10:51 AM,3
Mondeville,FR,5.34,5.79,5.32,100,1033,Clouds,07:52 AM,04:04 PM,4.63,,10:51 AM,90
Arrondissement de Châteaudun,FR,4.19,5.07,2.93,79,1031,Clear,07:41 AM,04:01 PM,5.47,,10:51 AM,6
Arrondissement de Saverne,FR,1.9,4.34,0.09,82,1031,Clouds,07:20 AM,03:35 PM,1.91,,10:49 AM,37
Guérande,FR,4.88,6.12,4.56,73,1029,Clear,07:52 AM,04:20 PM,7.61,,10:51 AM,4
Montpeloux,FR,-3.81,-3.81,-6.28,50,1027,Clear,07:20 AM,04:02 PM,0.87,,10:51 AM,3
Bruges,FR,6.16,6.18,2.02,87,1027,Clear,07:36 AM,04:23 PM,1.54,,10:51 AM,3
Lacanau,FR,6.14,6.16,2.01,71,1026,Clear,07:38 AM,04:24 PM,2.99,,10:51 AM,4
Gavray-sur-Sienne,FR,6.49,7.4,5.01,77,1031,Clear,07:55 AM,04:09 PM,4.48,,10:51 AM,8
Baron-sur-Odon,FR,5.04,5.5,5.03,100,1033,Clouds,07:52 AM,04:05 PM,4.63,,10:51 AM,90
Biguglia,FR,12.4,14.53,10.77,57,1030,Clouds,06:48 AM,03:50 PM,2.57,,10:51 AM,20
Vico,FR,10.91,13.42,10.38,54,1025,Clear,06:49 AM,03:54 PM,1.81,,10:51 AM,2
Crépy-en-Valois,FR,4.79,5.59,3.77,90,1032,Clouds,07:39 AM,03:51 PM,4.76,,10:51 AM,23
Châteauneuf-les-Martigues,FR,7.94,13.62,3.97,87,1027,Clear,07:07 AM,04:05 PM,1.03,,10:51 AM,2
Sommesous,FR,2.15,2.81,2.05,100,1032,Fog,07:32 AM,03:48 PM,4.12,,10:51 AM,90
Wasquehal,FR,5.57,6.83,4.94,90,1033,Mist,07:45 AM,03:43 PM,2.57,,10:51 AM,90
Voiron,FR,3.74,9.31,-0.95,76,1028,Clouds,07:13 AM,03:56 PM,1.54,,10:51 AM,20
Voiron,FR,3.95,9.47,-0.79,73,1028,Clear,07:13 AM,03:56 PM,1.37,,10:51 AM,2
Vitry-sur-Seine,FR,4.69,5.62,3.66,98,1032,Mist,07:39 AM,03:55 PM,4.12,,10:51 AM,90
Vitrolles,FR,6.85,12.6,2.96,78,1027,Clear,07:07 AM,04:04 PM,1.03,,10:51 AM,0
Vitrolles,FR,7.29,13.04,3.4,78,1027,Clear,07:07 AM,04:04 PM,1.03,,10:51 AM,0
Viroflay,FR,4.2,5.25,3.11,98,1032,Fog,07:40 AM,03:56 PM,4.12,,10:51 AM,90
Arrondissement de Nogent-sur-Marne,FR,4.42,5.32,3.36,96,1032,Mist,07:39 AM,03:54 PM,1.79,,10:51 AM,90
Vincennes,FR,4.6,5.48,3.51,96,1032,Mist,07:39 AM,03:54 PM,1.79,,10:48 AM,90
Villiers-sur-Marne,FR,4.31,5.23,3.26,95,1033,Mist,07:39 AM,03:54 PM,5.14,,10:51 AM,90
Villiers-le-Bel,FR,4.64,5.33,3.83,94,1033,Clouds,07:40 AM,03:54 PM,5.14,,10:51 AM,90
Villers-lès-Nancy,FR,1.83,3.91,1.25,100,1031,Mist,07:24 AM,03:40 PM,2.57,,10:51 AM,90
Villers-lès-Nancy,FR,2.01,4.1,1.43,100,1031,Mist,07:24 AM,03:40 PM,2.57,,10:51 AM,90
Arrondissement du Raincy,FR,4.55,5.36,3.86,94,1033,Clouds,07:39 AM,03:54 PM,1.79,,10:51 AM,90
Villepinte,FR,4.7,5.45,3.95,94,1033,Clouds,07:40 AM,03:53 PM,4.12,,10:51 AM,75
Villeneuve-la-Garenne,FR,4.92,5.67,4.12,95,1032,Fog,07:40 AM,03:54 PM,1.79,,10:51 AM,90
Villemomble,FR,4.59,5.41,3.85,94,1033,Clouds,07:39 AM,03:54 PM,1.79,,10:51 AM,90
Arrondissement de L'Haÿ-les-Roses,FR,4.34,5.27,3.3,98,1032,Mist,07:40 AM,03:55 PM,0.45,,10:51 AM,90
Villejuif,FR,4.32,5.23,3.27,98,1032,Mist,07:40 AM,03:55 PM,0.45,,10:51 AM,90
Villefranche-sur-Saône,FR,1.92,2.09,0.3,93,1029,Clear,07:19 AM,03:57 PM,0.89,,10:51 AM,0
Villefontaine,FR,1.27,2.74,-0.19,100,1030,Fog,07:15 AM,03:57 PM,1.54,,10:51 AM,90
Villefontaine,FR,1.16,2.63,-0.3,100,1030,Fog,07:15 AM,03:57 PM,1.54,,10:48 AM,90
Vigneux-sur-Seine,FR,4.61,5.6,3.64,98,1032,Mist,07:39 AM,03:55 PM,4.12,,10:51 AM,90
Vierzon,FR,2.3,4.29,1.35,60,1029,Clear,07:34 AM,04:03 PM,3.68,,10:51 AM,2
Vertou,FR,5.23,6.36,3.5,87,1029,Clouds,07:48 AM,04:17 PM,6.69,,10:51 AM,90
Vertou,FR,5.12,6.25,3.39,87,1029,Clouds,07:48 AM,04:17 PM,6.69,,10:51 AM,90
Vernon,FR,5.3,6.32,4.08,90,1033,Clouds,07:44 AM,03:57 PM,5.1,,10:50 AM,26
Verneuil-sur-Seine,FR,5.04,6.1,4.15,94,1032,Mist,07:42 AM,03:56 PM,0.45,,10:51 AM,90
Vénissieux,FR,1.47,3.23,0.31,93,1030,Mist,07:17 AM,03:57 PM,1.03,,10:51 AM,90
Vélizy-Villacoublay,FR,3.79,4.86,2.72,98,1032,Fog,07:40 AM,03:56 PM,4.12,,10:51 AM,90
Vauréal,FR,4.98,5.99,4.1,95,1032,Mist,07:42 AM,03:55 PM,4.12,,10:51 AM,90
Vaulx-en-Velin,FR,1.6,3.38,0.45,93,1030,Mist,07:17 AM,03:57 PM,1.03,,10:51 AM,90
Vaulx-en-Velin,FR,1.61,3.37,0.44,93,1030,Mist,07:17 AM,03:57 PM,1.03,,10:51 AM,90
Vanves,FR,4.59,5.46,3.49,98,1032,Fog,07:40 AM,03:55 PM,0.45,,10:47 AM,90
Vannes,FR,5.22,6.37,4.22,100,1029,Mist,07:55 AM,04:20 PM,8.23,,10:51 AM,90
Vandœuvre-lès-Nancy,FR,2.06,3.61,1.5,100,1031,Mist,07:24 AM,03:40 PM,2.57,,10:47 AM,90
Vandœuvre-lès-Nancy,FR,2.06,4.16,1.5,100,1031,Mist,07:24 AM,03:40 PM,2.57,,10:51 AM,90
Valenciennes,FR,5.18,6.23,4.44,99,1033,Clouds,07:42 AM,03:43 PM,2.34,,10:50 AM,100
Valence,FR,0.24,10.46,0.21,100,1029,Mist,07:14 AM,04:00 PM,2.57,,10:51 AM,90
Tulle,FR,10.41,10.41,10.41,60,1027,Clear,07:28 AM,04:12 PM,0.31,,10:51 AM,1
Tremblay-en-France,FR,4.66,5.45,3.95,94,1033,Clouds,07:39 AM,03:53 PM,4.12,,10:51 AM,75
Trappes,FR,3.93,5.17,2.82,99,1032,Mist,07:41 AM,03:56 PM,3.09,,10:51 AM,90
Tours,FR,4.12,4.32,3.54,91,1030,Clouds,07:40 AM,04:08 PM,5.14,,10:51 AM,90
Tournefeuille,FR,8.24,12.06,7.96,81,1027,Clear,07:23 AM,04:19 PM,0,,10:51 AM,0
Tournefeuille,FR,8.15,11.87,7.77,81,1027,Clear,07:23 AM,04:19 PM,0,,10:51 AM,0
Torcy,FR,4.26,5.2,3.23,96,1033,Clouds,07:39 AM,03:54 PM,4.12,,10:51 AM,75
Thiais,FR,4.33,5.27,3.31,98,1032,Mist,07:39 AM,03:55 PM,4.12,,10:51 AM,90
Tergnier,FR,4.39,4.4,4.32,85,1033,Clouds,07:40 AM,03:47 PM,4.63,,10:51 AM,80
Tergnier,FR,4.38,4.38,4.31,85,1033,Clouds,07:40 AM,03:47 PM,4.63,,10:46 AM,81
Tassin-la-Demi-Lune,FR,1.51,3.15,0.22,90,1030,Mist,07:17 AM,03:58 PM,1.03,,10:51 AM,90
Suresnes,FR,4.88,5.66,4.1,98,1032,Fog,07:40 AM,03:55 PM,0.45,,10:51 AM,90
Sucy-en-Brie,FR,4.25,5.23,3.26,97,1032,Mist,07:39 AM,03:54 PM,4.12,,10:51 AM,90
Stains,FR,4.86,5.6,4.1,94,1033,Clouds,07:40 AM,03:54 PM,5.14,,10:51 AM,90
Sotteville-lès-Rouen,FR,6.46,6.96,5.25,93,1032,Clouds,07:47 AM,03:57 PM,1.34,,10:51 AM,90
Sorgues,FR,5.64,8.2,4.04,77,1028,Clear,07:11 AM,04:04 PM,1.03,,10:51 AM,0
Sorgues,FR,5.63,8.19,4.03,77,1028,Clear,07:11 AM,04:04 PM,1.03,,10:51 AM,0
Soissons,FR,4.64,5.93,3.19,88,1032,Clouds,07:38 AM,03:48 PM,4.67,,10:51 AM,37
Six-Fours-les-Plages,FR,12.59,13.73,7.23,77,1026,Clear,07:04 AM,04:03 PM,3.13,,10:51 AM,2
Six-Fours-les-Plages,FR,12.41,13.53,7.03,75,1026,Clear,07:03 AM,04:03 PM,1.79,,10:50 AM,3
Seynod,FR,0.26,11.83,-0.56,93,1029,Clouds,07:13 AM,03:52 PM,0.51,,10:51 AM,90
Seynod,FR,0.35,11.92,-0.47,93,1029,Clouds,07:13 AM,03:52 PM,0.51,,10:51 AM,90
Sevran,FR,4.71,5.49,3.99,94,1033,Clouds,07:39 AM,03:54 PM,5.14,,10:51 AM,90
Arrondissement de Sens,FR,3.45,4.17,2.77,86,1031,Clouds,07:33 AM,03:54 PM,4.55,,10:51 AM,18
Sens,FR,3.94,4.64,3.23,86,1031,Clouds,07:33 AM,03:54 PM,4.51,,10:51 AM,17
Senlis,FR,4.9,5.49,3.52,90,1032,Clouds,07:40 AM,03:52 PM,4.43,,10:51 AM,33
Arrondissement de Sélestat-Erstein,FR,0.54,1.19,0,77,1031,Clouds,07:17 AM,03:37 PM,1.35,,10:51 AM,16
Sélestat,FR,1.39,2.61,0.87,93,1031,Clouds,07:17 AM,03:37 PM,1.54,,10:51 AM,90
Sedan,FR,4.28,4.9,3.71,85,1032,Clouds,07:33 AM,03:40 PM,3.31,,10:51 AM,30
Schiltigheim,FR,1.83,2.57,1.04,100,1032,Mist,07:17 AM,03:34 PM,1.54,,10:51 AM,90
Sceaux,FR,4.36,5.27,3.3,98,1032,Fog,07:40 AM,03:55 PM,0.45,,10:51 AM,90
Savigny-le-Temple,FR,4.27,5.38,3.41,100,1032,Mist,07:38 AM,03:55 PM,2.06,,10:51 AM,90
Saumur,FR,4.84,5.18,4.07,67,1029,Clear,07:43 AM,04:11 PM,4.72,,10:51 AM,2
Sartrouville,FR,4.77,5.49,3.93,96,1032,Mist,07:41 AM,03:55 PM,5.14,,10:51 AM,90
Sarcelles,FR,4.64,5.33,3.83,94,1033,Clouds,07:40 AM,03:54 PM,5.14,,10:51 AM,90
Arrondissement d'Argenteuil,FR,4.92,5.65,4.09,96,1033,Fog,07:41 AM,03:55 PM,5.14,,10:51 AM,90
Sannois,FR,4.45,5.17,3.61,94,1033,Clouds,07:41 AM,03:55 PM,5.14,,10:51 AM,90
Sanary-sur-Mer,FR,12.78,13.97,7.47,77,1026,Clear,07:04 AM,04:03 PM,1.79,,10:51 AM,2
Sanary-sur-Mer,FR,12.78,13.97,7.47,77,1026,Clear,07:04 AM,04:03 PM,1.79,,10:51 AM,2
Sallanches,FR,1.17,8.52,-0.51,93,1026,Clear,07:11 AM,03:50 PM,0.8,,10:51 AM,0
Sallanches,FR,1.17,8.52,-0.51,93,1026,Clear,07:11 AM,03:50 PM,0.8,,10:51 AM,0
Saint-Sébastien-sur-Loire,FR,5.29,6.32,3.47,88,1029,Clouds,07:48 AM,04:17 PM,6.69,,10:51 AM,90
Saint-Raphaël,FR,12.26,15.85,10.97,45,1025,Clear,07:01 AM,03:58 PM,1.23,,10:51 AM,1
Arrondissement de Saint-Quentin,FR,4.05,4.05,3.98,84,1033,Clouds,07:40 AM,03:46 PM,4.4,,10:51 AM,97
Saint-Quentin,FR,4.06,4.49,4.01,85,1033,Clouds,07:41 AM,03:46 PM,4.33,,10:51 AM,98
Saint-Priest,FR,1.25,3.06,0.14,93,1030,Mist,07:16 AM,03:57 PM,1.03,,10:51 AM,90
Saint-Ouen-l'Aumône,FR,5.05,5.72,4.19,98,1032,Mist,07:42 AM,03:55 PM,4.12,,10:51 AM,90
Saint-Michel-sur-Orge,FR,4.6,5.76,3.62,98,1032,Mist,07:39 AM,03:56 PM,4.12,,10:51 AM,90
Saint-Maximin-la-Sainte-Baume,FR,10.23,12.03,5.53,50,1025,Clear,07:05 AM,04:02 PM,1.73,,10:51 AM,3
Saint-Maur-des-Fossés,FR,4.64,5.58,3.61,96,1032,Mist,07:39 AM,03:54 PM,4.12,,10:51 AM,90
Saint-Martin-d'Hères,FR,6.93,9.84,-0.42,55,1027,Clear,07:11 AM,03:56 PM,0.42,,10:51 AM,2
Saint-Mandé,FR,4.63,5.53,3.56,96,1032,Mist,07:39 AM,03:55 PM,1.79,,10:51 AM,90
Saint-Leu-la-Forêt,FR,4.66,5.33,3.83,97,1033,Mist,07:41 AM,03:54 PM,5.14,,10:51 AM,90
Saint-Laurent-d'Andenay,FR,0.06,2.26,-0.7,63,1029,Clear,07:22 AM,03:55 PM,2.51,,10:51 AM,0
Saint-Leu,FR,-0.16,2.15,-0.81,63,1029,Clear,07:22 AM,03:55 PM,2.5,,10:51 AM,0
Saint-Laurent-du-Var,FR,12.37,15.6,10.75,53,1026,Clear,07:00 AM,03:56 PM,4.12,,10:51 AM,0
Saint-Gratien,FR,4.82,5.55,3.99,94,1033,Clouds,07:41 AM,03:54 PM,5.14,,10:51 AM,90
Arrondissement de Saintes,FR,0.86,1.83,0.86,60,1027,Clear,07:39 AM,04:20 PM,2.92,,10:51 AM,4
Saintes,FR,1.03,1.99,-0.32,54,1027,Clear,07:39 AM,04:19 PM,2.93,,10:51 AM,4
Sainte-Geneviève-des-Bois,FR,4.36,5.53,3.38,98,1032,Mist,07:39 AM,03:56 PM,4.12,,10:51 AM,90
Sainte-Foy-lès-Lyon,FR,0.86,2.53,-0.4,87,1030,Mist,07:17 AM,03:58 PM,1.03,,10:51 AM,90
Saint-Égrève,FR,6.38,9.86,-0.4,55,1029,Clear,07:12 AM,03:56 PM,0.45,,10:51 AM,1
Saint-Dié-des-Vosges,FR,0.1,1.16,-0.23,67,1030,Clear,07:19 AM,03:39 PM,1.41,,10:51 AM,0
Saint-Cyr-l'École,FR,4.11,5.35,2.99,98,1032,Mist,07:41 AM,03:56 PM,3.09,,10:51 AM,90
Saint-Cloud,FR,4.45,5.23,3.67,98,1032,Fog,07:40 AM,03:55 PM,0.45,,10:49 AM,90
Saint-Chamond,FR,0.17,2.01,-0.92,93,1029,Mist,07:17 AM,04:00 PM,2.06,,10:51 AM,90
Saint-Chamond,FR,0.17,2.01,-0.92,93,1029,Mist,07:17 AM,04:00 PM,2.06,,10:51 AM,90
Saint-Amand-les-Eaux,FR,5.3,6.66,4.51,99,1032,Clouds,07:43 AM,03:43 PM,2.21,,10:51 AM,100
Rueil-Malmaison,FR,4.72,5.47,3.91,98,1032,Fog,07:41 AM,03:55 PM,0.45,,10:51 AM,90
Royan,FR,1.03,1.99,1.03,66,1027,Clear,07:40 AM,04:21 PM,3.65,,10:51 AM,3
Rouen,FR,6.46,6.95,5.24,93,1032,Clouds,07:47 AM,03:57 PM,1.34,,10:51 AM,90
Ronchin,FR,5.38,6.7,4.81,90,1033,Mist,07:45 AM,03:44 PM,2.57,,10:51 AM,90
Romans-sur-Isère,FR,0.09,10.21,-0.05,100,1029,Mist,07:14 AM,03:59 PM,2.57,,10:51 AM,90
Romainville,FR,4.31,5.12,3.56,96,1032,Mist,07:40 AM,03:54 PM,1.79,,10:51 AM,90
Roissy-en-Brie,FR,4.14,5.12,3.16,99,1032,Clear,07:38 AM,03:54 PM,4.08,,10:51 AM,7
Ris-Orangis,FR,4.37,5.39,3.42,99,1032,Mist,07:39 AM,03:55 PM,4.12,,10:51 AM,90
Rillieux-la-Pape,FR,0.91,2.62,-0.31,93,1030,Mist,07:17 AM,03:57 PM,1.03,,10:51 AM,90
Rillieux-la-Pape,FR,0.92,2.64,-0.29,93,1030,Mist,07:17 AM,03:57 PM,1.03,,10:51 AM,90
Rennes,FR,5.73,6.13,5.1,93,1031,Clouds,07:53 AM,04:14 PM,5.66,,10:49 AM,90
Puteaux,FR,4.83,5.6,4.04,97,1032,Fog,07:40 AM,03:55 PM,0.45,,10:51 AM,90
Port-de-Bouc,FR,7.91,12.05,4.21,76,1027,Clear,07:08 AM,04:05 PM,3.6,,10:51 AM,0
Port-de-Bouc,FR,7.8,11.95,4.11,76,1027,Clear,07:08 AM,04:05 PM,3.6,,10:51 AM,0
Pont-à-Mousson,FR,3.05,5.34,1.83,100,1031,Fog,07:25 AM,03:40 PM,2.57,,10:51 AM,90
Poissy,FR,4.98,6.07,4.12,94,1032,Mist,07:41 AM,03:56 PM,0.45,,10:51 AM,90
Ploemeur,FR,4.98,7.33,4.05,87,1029,Clouds,07:58 AM,04:23 PM,7.72,,10:51 AM,20
Plaisir,FR,4.31,5.51,3.16,99,1032,Mist,07:41 AM,03:56 PM,3.09,,10:51 AM,90
Plaisance-du-Touch,FR,8.29,12,7.9,81,1027,Clear,07:23 AM,04:20 PM,0,,10:51 AM,0
Plaisance-du-Touch,FR,8.28,11.44,7.89,81,1027,Clear,07:23 AM,04:20 PM,0,,10:50 AM,0
Pierrefitte-sur-Seine,FR,4.79,5.52,4.02,94,1033,Clouds,07:40 AM,03:54 PM,5.14,,10:51 AM,90
Arrondissement d'Apt,FR,4.1,5.73,1.57,55,1026,Clear,07:08 AM,04:03 PM,1.24,,10:51 AM,2
Pertuis,FR,6.96,12.49,2.85,52,1026,Clear,07:07 AM,04:02 PM,0.43,,10:51 AM,3
Pantin,FR,4.75,5.55,3.99,95,1032,Mist,07:40 AM,03:54 PM,1.79,,10:51 AM,90
Pantin,FR,4.71,5.51,3.95,95,1032,Mist,07:40 AM,03:54 PM,1.79,,10:51 AM,90
Oyonnax,FR,-0.63,-0.11,-2.22,78,1028,Clear,07:16 AM,03:52 PM,1.09,,10:51 AM,6
Oyonnax,FR,0.41,0.9,-1.21,77,1028,Clear,07:16 AM,03:52 PM,0.98,,10:51 AM,6
Osny,FR,4.76,5.74,3.86,98,1032,Mist,07:42 AM,03:55 PM,4.12,,10:47 AM,90
Orvault,FR,5.17,6.17,3.32,89,1029,Clouds,07:49 AM,04:17 PM,6.69,,10:51 AM,90
Orsay,FR,4.47,5.81,3.46,98,1032,Mist,07:40 AM,03:56 PM,0.89,,10:51 AM,90
Orly,FR,4.6,5.56,3.6,98,1032,Mist,07:39 AM,03:55 PM,4.12,,10:51 AM,90
Olivet,FR,4.31,4.46,3.64,94,1030,Mist,07:37 AM,04:01 PM,2.24,,10:51 AM,90
Olivet,FR,4.29,4.44,3.62,94,1030,Mist,07:37 AM,04:01 PM,2.24,,10:48 AM,90
Noisy-le-Sec,FR,4.6,5.42,3.86,95,1032,Mist,07:39 AM,03:54 PM,1.79,,10:51 AM,90
Noisy-le-Grand,FR,4.51,5.38,3.88,94,1033,Clouds,07:39 AM,03:54 PM,5.14,,10:51 AM,90
Noisiel,FR,4.5,5.43,3.46,96,1033,Clouds,07:39 AM,03:54 PM,4.12,,10:51 AM,75
Nogent-sur-Marne,FR,4.65,5.55,3.58,96,1032,Mist,07:39 AM,03:54 PM,4.12,,10:51 AM,90
Niort,FR,1.98,1.98,0.62,58,1028,Clear,07:41 AM,04:17 PM,5.26,,10:51 AM,3
Nîmes,FR,6.77,8.03,3.86,76,1027,Clouds,07:12 AM,04:06 PM,2.57,,10:47 AM,20
Nice,FR,12.39,15.63,10.79,55,1025,Clear,07:00 AM,03:55 PM,4.12,,10:51 AM,0
Neuilly-sur-Seine,FR,4.81,5.58,4.02,97,1032,Fog,07:40 AM,03:55 PM,0.45,,10:51 AM,90
Neuilly-sur-Marne,FR,4.68,5.58,3.62,95,1033,Mist,07:39 AM,03:54 PM,5.14,,10:51 AM,90
Neuilly-Plaisance,FR,4.56,5.44,3.47,95,1033,Mist,07:39 AM,03:54 PM,1.79,,10:51 AM,90
Nancy,FR,2.33,4.45,1.79,100,1031,Mist,07:24 AM,03:40 PM,2.57,,10:51 AM,90
Muret,FR,8,11.89,7.79,81,1027,Clear,07:23 AM,04:20 PM,0,,10:51 AM,0
Muret,FR,8,11.89,7.79,81,1027,Clear,07:23 AM,04:20 PM,0,,10:51 AM,0
Mougins,FR,11.68,14.81,9.93,52,1026,Clear,07:01 AM,03:57 PM,1.03,,10:51 AM,0
Mont-Saint-Aignan,FR,5.56,6.03,4.32,93,1032,Clouds,07:48 AM,03:57 PM,1.34,,10:51 AM,90
Montrouge,FR,4.5,5.38,3.42,98,1032,Fog,07:40 AM,03:55 PM,0.45,,10:51 AM,90
Montivilliers,FR,5.63,6.79,5.2,100,1033,Clouds,07:52 AM,04:00 PM,4.63,,10:51 AM,90
Montigny-lès-Metz,FR,3.84,5.44,2.25,97,1031,Fog,07:26 AM,03:38 PM,2.57,,10:51 AM,90
Montigny-lès-Cormeilles,FR,4.69,5.38,3.82,97,1032,Mist,07:41 AM,03:55 PM,4.12,,10:51 AM,90
Montigny-le-Bretonneux,FR,3.94,5.19,2.84,98,1032,Mist,07:41 AM,03:56 PM,3.09,,10:51 AM,90
Montgeron,FR,4.34,5.34,3.38,98,1032,Mist,07:39 AM,03:55 PM,4.12,,10:51 AM,90
Montfermeil,FR,4.3,5.12,3.62,94,1033,Clouds,07:39 AM,03:54 PM,5.14,,10:51 AM,90
Montesson,FR,4.84,5.6,4.01,97,1032,Fog,07:41 AM,03:55 PM,4.12,,10:51 AM,90
Montereau-Fault-Yonne,FR,4.22,5.02,3.57,82,1031,Clear,07:35 AM,03:54 PM,4.67,,10:51 AM,10
Montereau-Fault-Yonne,FR,4.22,5.02,3.57,82,1031,Clear,07:35 AM,03:54 PM,4.67,,10:51 AM,10
Montceau-les-Mines,FR,-0.49,0.38,-0.49,62,1029,Clear,07:23 AM,03:56 PM,1.82,,10:51 AM,0
Montbrison,FR,-0.51,0.29,-0.51,56,1028,Clear,07:20 AM,04:01 PM,0.93,,10:51 AM,2
Montbrison,FR,-0.51,0.29,-0.51,56,1028,Clear,07:20 AM,04:01 PM,0.93,,10:51 AM,2
Montauban,FR,9.6,10.74,5.84,74,1027,Clear,07:25 AM,04:18 PM,1.91,,10:51 AM,0
Mons-en-Barœul,FR,5.5,6.79,4.9,90,1033,Mist,07:45 AM,03:43 PM,2.57,,10:51 AM,90
Moissy-Cramayel,FR,4.2,5.29,3.32,99,1032,Mist,07:38 AM,03:55 PM,2.06,,10:51 AM,90
Mitry-Mory,FR,4.61,5.38,3.88,94,1033,Clouds,07:39 AM,03:53 PM,4.12,,10:51 AM,75
Miramas,FR,7.13,8.04,3.88,66,1027,Clear,07:09 AM,04:05 PM,3.6,,10:51 AM,0
Millau,FR,8.38,8.38,8.38,60,1026,Clear,07:18 AM,04:11 PM,0.35,,10:51 AM,0
Meyzieu,FR,1.43,3.19,0.26,93,1030,Mist,07:17 AM,03:57 PM,1.03,,10:51 AM,90
Meylan,FR,7.81,9.85,1.73,55,1027,Clear,07:11 AM,03:56 PM,0.47,,10:51 AM,2
Metz,FR,3.81,5.36,2.18,97,1031,Fog,07:26 AM,03:38 PM,2.57,,10:51 AM,90
Melun,FR,4.34,5.5,3.53,100,1032,Mist,07:37 AM,03:55 PM,2.06,,10:51 AM,90
Meaux,FR,4.51,5.46,3.49,88,1032,Clear,07:38 AM,03:52 PM,4.57,,10:51 AM,7
Arrondissement de Mayenne,FR,5.69,5.69,5.69,75,1031,Clouds,07:50 AM,04:09 PM,5.29,,10:51 AM,15
Mayenne,FR,5.95,5.95,5.95,75,1031,Clouds,07:49 AM,04:09 PM,5.47,,10:51 AM,16
Mauguio,FR,8.04,8.3,7.53,74,1028,Clouds,07:13 AM,04:09 PM,3.09,,10:51 AM,90
Maubeuge,FR,4.44,6.12,3.84,57,1031,Clouds,07:40 AM,03:42 PM,2.72,,10:51 AM,100
Massy,FR,4.33,5.43,3.29,98,1032,Mist,07:40 AM,03:55 PM,4.12,,10:51 AM,90
Martigues,FR,7.87,11.98,4.14,77,1027,Clear,07:08 AM,04:05 PM,1.03,,10:51 AM,0
Marly-le-Roi,FR,4.07,5.2,3.25,98,1032,Mist,07:41 AM,03:56 PM,3.09,,10:51 AM,90
Marcq-en-Barœul,FR,5.62,6.87,4.98,90,1033,Mist,07:45 AM,03:43 PM,2.57,,10:51 AM,90
Mantes-la-Ville,FR,4.94,5.68,3.95,93,1032,Clouds,07:43 AM,03:57 PM,0.89,,10:51 AM,14
Mandelieu-la-Napoule,FR,12.03,15.39,10.51,59,1026,Clear,07:01 AM,03:57 PM,1.03,,10:51 AM,0
Malakoff,FR,4.53,5.41,3.44,98,1032,Fog,07:40 AM,03:55 PM,0.45,,10:51 AM,90
Mâcon,FR,1.97,2.26,0.44,66,1029,Clear,07:19 AM,03:55 PM,1.3,,10:51 AM,0
Lunel,FR,7.89,8.28,6.48,71,1028,Clouds,07:12 AM,04:08 PM,3.09,,10:51 AM,90
Lunel,FR,7.9,8.29,6.49,71,1028,Clouds,07:12 AM,04:08 PM,3.09,,10:51 AM,90
Lourdes,FR,12.71,12.71,9.51,44,1025,Clear,07:27 AM,04:27 PM,3.09,,10:51 AM,0
Lorient,FR,5.23,7.48,4.19,87,1030,Clouds,07:58 AM,04:22 PM,7.72,,10:51 AM,20
Lons-le-Saunier,FR,1.14,2.67,0.56,66,1029,Clear,07:18 AM,03:51 PM,0.9,,10:51 AM,1
Lognes,FR,4.19,5.14,3.17,96,1033,Clouds,07:39 AM,03:54 PM,5.14,,10:51 AM,90
Livry-Gargan,FR,4.34,5.15,3.65,94,1033,Clouds,07:39 AM,03:54 PM,5.14,,10:51 AM,90
L'Isle-sur-la-Sorgue,FR,5.17,7.99,3.82,81,1028,Clear,07:10 AM,04:03 PM,1.03,,10:51 AM,2
L'Isle-sur-la-Sorgue,FR,5.17,7.99,3.82,81,1028,Clear,07:10 AM,04:03 PM,1.03,,10:51 AM,2
Limay,FR,5.16,6.47,4.17,91,1032,Clouds,07:43 AM,03:57 PM,0.89,,10:51 AM,15
Liévin,FR,5.42,5.91,4.43,88,1033,Clouds,07:45 AM,03:46 PM,2.7,,10:51 AM,100
L'Haÿ-les-Roses,FR,4.53,5.45,3.48,98,1032,Mist,07:40 AM,03:55 PM,0.45,,10:51 AM,90
Le Vésinet,FR,4.94,6.05,4.1,97,1032,Fog,07:41 AM,03:55 PM,4.12,,10:51 AM,90
Levallois-Perret,FR,4.9,5.66,4.1,96,1032,Fog,07:40 AM,03:55 PM,1.79,,10:51 AM,90
Les Sables-d'Olonne,FR,3.54,3.54,2.08,62,1028,Clear,07:47 AM,04:21 PM,6.03,,10:51 AM,4
Les Pennes-Mirabeau,FR,7.91,12.91,3.27,76,1027,Clear,07:07 AM,04:04 PM,1.03,,10:51 AM,3
Les Pennes-Mirabeau,FR,7.91,12.91,3.27,76,1027,Clear,07:07 AM,04:04 PM,1.03,,10:52 AM,3
Les Mureaux,FR,5.09,6.12,4.17,94,1032,Mist,07:42 AM,03:56 PM,0.45,,10:52 AM,90
Les Lilas,FR,4.26,5.07,3.51,95,1032,Mist,07:40 AM,03:54 PM,1.79,,10:52 AM,90
Les Herbiers,FR,3.03,5.04,2.84,64,1028,Clear,07:45 AM,04:17 PM,5.92,,10:52 AM,3
Les Clayes-sous-Bois,FR,4.03,5.24,2.89,99,1032,Mist,07:41 AM,03:56 PM,3.09,,10:52 AM,90
Le Puy-en-Velay,FR,-1.51,-1.51,-1.51,55,1027,Clear,07:18 AM,04:04 PM,0.57,,10:52 AM,1
Le Pré-Saint-Gervais,FR,4.56,5.36,3.8,96,1032,Mist,07:40 AM,03:54 PM,1.79,,10:52 AM,90
Le Pontet,FR,5.68,8.26,4.1,77,1028,Clear,07:11 AM,04:04 PM,1.03,,10:52 AM,0
Le Plessis-Trévise,FR,4.23,5.17,3.2,97,1032,Mist,07:39 AM,03:54 PM,4.12,,10:52 AM,90
Le Plessis-Robinson,FR,4.12,5.02,3.05,98,1032,Fog,07:40 AM,03:55 PM,0.45,,10:52 AM,90
Le Petit-Quevilly,FR,6.49,7,5.29,93,1032,Clouds,07:48 AM,03:57 PM,1.34,,10:52 AM,90
Le Perreux-sur-Marne,FR,4.6,5.49,3.53,95,1032,Mist,07:39 AM,03:54 PM,1.79,,10:52 AM,90
Le Pecq,FR,4.6,5.7,3.76,97,1032,Fog,07:41 AM,03:55 PM,4.12,,10:52 AM,90
Lens,FR,5.45,6.02,4.49,88,1033,Clouds,07:45 AM,03:46 PM,2.6,,10:52 AM,100
Le Mée-sur-Seine,FR,4.35,5.49,3.52,100,1032,Mist,07:37 AM,03:55 PM,2.06,,10:52 AM,90
Le Kremlin-Bicêtre,FR,4.56,5.46,3.49,97,1032,Mist,07:40 AM,03:55 PM,0.45,,10:52 AM,90
Le Grand-Quevilly,FR,6.22,6.75,5.04,93,1032,Clouds,07:47 AM,03:57 PM,1.34,,10:51 AM,90
Arrondissement d'Autun,FR,-1.21,1.75,-1.21,60,1029,Clear,07:24 AM,03:55 PM,1.55,,10:52 AM,0
Le Creusot,FR,-0.2,2.26,-0.7,62,1029,Clear,07:23 AM,03:55 PM,2.2,,10:51 AM,0
Le Chesnay-Rocquencourt,FR,4.22,5.21,3.48,99,1032,Fog,07:41 AM,03:56 PM,4.12,,10:52 AM,90
Le Cannet,FR,12.26,15.53,10.65,52,1026,Clear,07:00 AM,03:57 PM,1.03,,10:52 AM,0
Le Bouscat,FR,6.15,6.16,2.01,87,1027,Clear,07:36 AM,04:23 PM,1.54,,10:52 AM,3
Le Blanc-Mesnil,FR,4.78,5.57,4.07,94,1033,Clouds,07:40 AM,03:54 PM,5.14,,10:52 AM,90
Laxou,FR,2.15,4.23,1.57,100,1031,Mist,07:24 AM,03:40 PM,2.57,,10:52 AM,90
Laxou,FR,2.15,4.23,1.57,100,1031,Mist,07:24 AM,03:40 PM,2.57,,10:52 AM,90
Lanester,FR,5.3,7.51,4.23,87,1030,Clouds,07:58 AM,04:22 PM,7.72,,10:52 AM,20
Lambersart,FR,5.58,6.86,4.97,90,1033,Mist,07:45 AM,03:44 PM,2.57,,10:52 AM,90
La Madeleine,FR,5.56,6.84,4.95,90,1033,Mist,07:45 AM,03:44 PM,2.57,,10:52 AM,90
Lagny-sur-Marne,FR,4.63,5.55,4.05,96,1033,Clouds,07:38 AM,03:53 PM,4.12,,10:52 AM,75
La Garenne-Colombes,FR,4.76,5.55,3.99,96,1032,Fog,07:40 AM,03:55 PM,0.45,,10:52 AM,90
La Garde,FR,12.96,13.8,10.76,69,1026,Clear,07:03 AM,04:02 PM,0.45,,10:52 AM,0
La Garde,FR,13,13.84,10.8,69,1026,Clear,07:03 AM,04:02 PM,2.68,,10:50 AM,0
La Ciotat,FR,12.09,13.77,5.78,81,1026,Clear,07:05 AM,04:04 PM,3.19,,10:52 AM,2
La Chapelle-sur-Erdre,FR,5.31,6.25,3.39,89,1029,Clouds,07:49 AM,04:17 PM,1.34,,10:49 AM,90
La Celle-Saint-Cloud,FR,3.98,4.97,3.23,98,1032,Fog,07:41 AM,03:56 PM,4.12,,10:52 AM,90
Jouy-le-Moutier,FR,4.71,5.43,3.84,95,1032,Mist,07:42 AM,03:55 PM,0.45,,10:52 AM,90
Joué-lès-Tours,FR,3.9,4.12,3.34,91,1030,Clouds,07:40 AM,04:08 PM,5.14,,10:52 AM,90
Joinville-le-Pont,FR,4.62,5.51,3.95,96,1032,Mist,07:39 AM,03:54 PM,4.12,,10:52 AM,90
Issoire,FR,-2.41,-2.41,-2.41,53,1028,Clear,07:23 AM,04:05 PM,0.55,,10:52 AM,1
Illzach,FR,2.12,6.14,0.27,88,1031,Clear,07:15 AM,03:39 PM,2.21,,10:52 AM,1
Illkirch-Graffenstaden,FR,1.78,2.43,1.06,100,1032,Mist,07:17 AM,03:35 PM,1.54,,10:52 AM,90
Houilles,FR,4.91,5.68,4.12,96,1032,Fog,07:41 AM,03:55 PM,4.12,,10:52 AM,90
Hérouville-Saint-Clair,FR,5.45,5.9,5.42,100,1033,Clouds,07:52 AM,04:04 PM,4.63,,10:52 AM,90
Herblay-sur-Seine,FR,4.68,5.43,3.84,98,1032,Mist,07:41 AM,03:55 PM,4.12,,10:52 AM,90
Hénin-Beaumont,FR,5.39,6.01,4.48,94,1034,Mist,07:45 AM,03:45 PM,2.57,,10:52 AM,90
Hem,FR,5.46,6.74,4.85,92,1033,Mist,07:45 AM,03:43 PM,2.57,,10:52 AM,90
Arrondissement de Thionville-Ouest,FR,4.26,6.35,2.32,92,1017,Clouds,07:27 AM,03:38 PM,0.45,,10:52 AM,30
Hayange,FR,4.29,6.36,2.34,92,1017,Clouds,07:27 AM,03:38 PM,0.45,,10:52 AM,32
Hautmont,FR,4.4,5.51,3.82,57,1033,Clouds,07:40 AM,03:42 PM,2.71,,10:52 AM,100
Yutz,FR,4.56,6.67,2.64,92,1029,Clouds,07:27 AM,03:37 PM,0.45,,10:52 AM,31
Haubourdin,FR,5.58,6.87,4.98,90,1033,Mist,07:45 AM,03:44 PM,1.34,,10:52 AM,90
Halluin,FR,5.78,7.09,4.97,97,1033,Clouds,07:46 AM,03:43 PM,2.75,,10:52 AM,100
Guyancourt,FR,3.97,5.19,3.25,98,1032,Mist,07:41 AM,03:56 PM,3.09,,10:52 AM,90
Guéret,FR,3.35,3.35,3.35,56,1027,Clear,07:31 AM,04:08 PM,1.5,,10:52 AM,0
Guéret,FR,3.35,3.35,3.35,56,1027,Clear,07:31 AM,04:08 PM,1.5,,10:52 AM,0
Grasse,FR,9.39,12.27,7.38,54,1025,Clear,07:01 AM,03:57 PM,1.03,,10:52 AM,0
Grande-Synthe,FR,6.4,6.98,5.64,98,1034,Clouds,07:50 AM,03:45 PM,3.46,,10:52 AM,100
Grande-Synthe,FR,6.4,6.98,5.64,98,1034,Clouds,07:50 AM,03:45 PM,3.48,,10:52 AM,100
Gonesse,FR,4.79,5.53,4.03,94,1033,Clouds,07:40 AM,03:54 PM,5.14,,10:52 AM,90
Givors,FR,1.45,3.21,0.28,66,1029,Clear,07:17 AM,03:58 PM,1.73,,10:52 AM,1
Givors,FR,1.68,3.44,0.51,66,1029,Clear,07:17 AM,03:58 PM,1.73,,10:52 AM,1
Gien,FR,3.75,4.13,3.49,70,1030,Clear,07:34 AM,03:59 PM,4.57,,10:52 AM,4
Gennevilliers,FR,4.88,5.66,4.1,96,1032,Fog,07:40 AM,03:55 PM,1.79,,10:52 AM,90
Garges-lès-Gonesse,FR,4.71,5.45,3.95,94,1033,Clouds,07:40 AM,03:54 PM,5.14,,10:52 AM,90
Gardanne,FR,8.45,12.49,4.5,74,1027,Clear,07:06 AM,04:03 PM,1.03,,10:52 AM,2
Gardanne,FR,8.58,12.64,4.65,63,1026,Clear,07:06 AM,04:03 PM,1.33,,10:52 AM,2
Fresnes,FR,4.62,5.52,3.96,98,1032,Mist,07:39 AM,03:55 PM,4.12,,10:52 AM,90
Franconville,FR,4.68,5.39,3.83,96,1033,Mist,07:41 AM,03:55 PM,5.14,,10:49 AM,90
Fos-sur-Mer,FR,7.82,11.98,4.19,66,1027,Clear,07:08 AM,04:05 PM,3.6,,10:52 AM,0
Forbach,FR,3.41,4.6,1.53,95,1027,Mist,07:23 AM,03:35 PM,0.45,,10:48 AM,75
Fontenay-sous-Bois,FR,4.49,5.36,3.8,95,1032,Mist,07:39 AM,03:54 PM,1.79,,10:52 AM,90
Fontenay-aux-Roses,FR,4.4,5.27,3.71,98,1032,Fog,07:40 AM,03:55 PM,0.45,,10:52 AM,90
Fontaine,FR,5.9,8.41,-1.84,55,1029,Clear,07:12 AM,03:56 PM,0.45,,10:52 AM,1
Fontaine,FR,7.08,9.94,-0.32,55,1029,Clear,07:12 AM,03:56 PM,0.45,,10:52 AM,1
Floirac,FR,6.27,6.29,2.13,87,1027,Clear,07:35 AM,04:22 PM,1.54,,10:52 AM,3
Floirac,FR,5.89,5.9,1.75,87,1027,Clear,07:35 AM,04:22 PM,1.54,,10:52 AM,3
Fécamp,FR,5.85,6.53,5.1,94,1033,Clouds,07:52 AM,03:59 PM,5.97,,10:52 AM,22
Faches-Thumesnil,FR,5.41,6.73,4.84,90,1033,Mist,07:45 AM,03:44 PM,2.57,,10:52 AM,90
Évry-Courcouronnes,FR,4.46,5.49,3.53,99,1032,Mist,07:38 AM,03:55 PM,4.12,,10:51 AM,90
Évreux,FR,5.4,6.49,4.23,100,1032,Mist,07:45 AM,03:59 PM,4.63,,10:52 AM,90
La Baule-Escoublac,FR,5.08,6.38,4.82,92,1029,Clouds,07:52 AM,04:20 PM,6.17,,10:52 AM,90
Ermont,FR,4.82,5.55,4.05,94,1033,Clouds,07:41 AM,03:54 PM,5.14,,10:52 AM,90
Éragny-sur-Oise,FR,4.82,5.54,4.01,98,1032,Mist,07:42 AM,03:55 PM,4.12,,10:52 AM,90
Épinay-sur-Seine,FR,4.86,5.64,4.08,94,1033,Clouds,07:40 AM,03:54 PM,1.79,,10:52 AM,90
Épinal,FR,0.47,1.82,-0.58,70,1030,Clear,07:20 AM,03:41 PM,2.47,,10:48 AM,2
Élancourt,FR,4.13,5.31,3.36,99,1032,Mist,07:41 AM,03:57 PM,3.09,,10:52 AM,90
Écully,FR,1.43,3.06,0.14,90,1030,Mist,07:17 AM,03:58 PM,1.03,,10:52 AM,90
Écully,FR,1.26,2.89,-0.04,90,1030,Mist,07:17 AM,03:58 PM,1.03,,10:52 AM,90
Eaubonne,FR,4.76,5.47,3.97,94,1033,Clouds,07:41 AM,03:54 PM,5.14,,10:52 AM,90
Draveil,FR,4.5,5.47,3.91,98,1032,Mist,07:39 AM,03:55 PM,4.12,,10:52 AM,90
Douarnenez,FR,7.82,8.43,7.41,81,1029,Clear,08:03 AM,04:25 PM,3.6,,10:52 AM,0
Douai,FR,5.24,6,4.45,86,1033,Clouds,07:44 AM,03:45 PM,2.35,,10:52 AM,100
Domont,FR,4.56,5.23,3.73,94,1033,Clouds,07:41 AM,03:54 PM,5.14,,10:52 AM,90
Dole,FR,2.07,3.05,0.96,87,1030,Clouds,07:20 AM,03:50 PM,3.6,,10:52 AM,90
Dijon,FR,2.04,2.95,0.86,93,1030,Clouds,07:23 AM,03:51 PM,3.09,,10:51 AM,90
Dieppe,FR,6.85,6.95,5.25,91,1033,Clouds,07:50 AM,03:55 PM,5.82,,10:52 AM,68
Deuil-la-Barre,FR,4.53,5.23,3.73,94,1033,Clouds,07:40 AM,03:54 PM,5.14,,10:50 AM,90
Denain,FR,5.1,5.88,4.39,99,1033,Clouds,07:42 AM,03:44 PM,2.3,,10:52 AM,100
Denain,FR,5.12,5.89,4.4,99,1033,Clouds,07:42 AM,03:44 PM,2.31,,10:52 AM,100
Décines-Charpieu,FR,1.37,3.2,0.27,93,1030,Mist,07:17 AM,03:57 PM,1.03,,10:52 AM,90
Cugnaux,FR,8.12,12.07,7.97,81,1027,Clear,07:23 AM,04:19 PM,0,,10:52 AM,0
Cugnaux,FR,8.08,11.99,7.89,81,1027,Clear,07:23 AM,04:20 PM,0,,10:52 AM,0
Cran-Gevrier,FR,0.43,6.29,-0.31,93,1029,Clouds,07:13 AM,03:52 PM,0.51,,10:51 AM,90
Courbevoie,FR,4.8,5.56,4,96,1032,Fog,07:40 AM,03:55 PM,0.45,,10:47 AM,90
Coulommiers,FR,4.23,5.4,3.9,80,1032,Clear,07:37 AM,03:52 PM,4.52,,10:52 AM,6
Coudekerque-Branche,FR,6.4,6.98,5.64,99,1034,Mist,07:50 AM,03:44 PM,0.45,,10:52 AM,90
Cormeilles-en-Parisis,FR,4.05,4.78,3.22,96,1032,Mist,07:41 AM,03:55 PM,4.12,,10:52 AM,90
Corbeil-Essonnes,FR,4.49,5.51,3.95,99,1032,Mist,07:38 AM,03:55 PM,2.06,,10:52 AM,90
Conflans-Sainte-Honorine,FR,4.89,5.63,4.04,98,1032,Mist,07:41 AM,03:55 PM,4.12,,10:52 AM,90
Concarneau,FR,6.54,8.55,4.27,74,1029,Clear,08:01 AM,04:24 PM,7.33,,10:52 AM,4
Compiègne,FR,5.35,5.98,4.43,88,1033,Clouds,07:40 AM,03:50 PM,4.62,,10:50 AM,57
Combs-la-Ville,FR,4.4,5.44,3.47,100,1032,Mist,07:38 AM,03:55 PM,2.06,,10:47 AM,90
Pontault-Combault,FR,4.2,5.15,3.59,99,1032,Mist,07:39 AM,03:54 PM,4.12,,10:52 AM,90
Colomiers,FR,8.32,12.06,7.97,81,1027,Clear,07:23 AM,04:19 PM,0,,10:52 AM,0
Colomiers,FR,8.17,11.88,7.78,81,1027,Clear,07:23 AM,04:19 PM,0,,10:52 AM,0
Cluses,FR,1.5,8.87,-0.15,93,1027,Clear,07:11 AM,03:49 PM,0.64,,10:52 AM,2
Clichy-sous-Bois,FR,4.32,5.15,3.65,94,1033,Clouds,07:39 AM,03:54 PM,5.14,,10:52 AM,90
Clichy,FR,4.87,5.64,4.08,96,1032,Fog,07:40 AM,03:55 PM,1.79,,10:50 AM,90
Clamart,FR,4.26,5.11,3.55,98,1032,Fog,07:40 AM,03:55 PM,0.45,,10:52 AM,90
Choisy-le-Roi,FR,4.72,5.64,4.08,98,1032,Mist,07:39 AM,03:55 PM,4.12,,10:52 AM,90
Chilly-Mazarin,FR,4.59,5.68,3.95,98,1032,Mist,07:39 AM,03:56 PM,4.12,,10:52 AM,90
Chevilly-Larue,FR,4.4,5.3,3.74,98,1032,Mist,07:39 AM,03:55 PM,4.12,,10:52 AM,90
Cherbourg-Octeville,FR,8.04,9.45,7.49,100,1032,Clouds,07:59 AM,04:07 PM,6.69,,10:52 AM,90
Chenôve,FR,1.88,2.78,0.69,93,1030,Clouds,07:23 AM,03:51 PM,3.09,,10:52 AM,90
Chennevières-sur-Marne,FR,4.68,5.6,4.04,96,1032,Mist,07:39 AM,03:54 PM,4.12,,10:52 AM,90
Chaville,FR,4.13,5.14,3.41,98,1032,Fog,07:40 AM,03:56 PM,4.12,,10:52 AM,90
Chatou,FR,4.88,5.66,4.07,98,1032,Fog,07:41 AM,03:55 PM,4.12,,10:49 AM,90
Châtillon,FR,4.25,5.1,3.54,98,1032,Fog,07:40 AM,03:55 PM,0.45,,10:52 AM,90
Châtenay-Malabry,FR,4.2,5.24,3.51,98,1032,Fog,07:40 AM,03:55 PM,4.12,,10:52 AM,90
Arrondissement de Châtellerault,FR,0.21,3.67,0.21,62,1029,Clear,07:39 AM,04:11 PM,4.87,,10:52 AM,1
Châtellerault,FR,0.43,4.29,0.37,61,1029,Clear,07:38 AM,04:10 PM,4.97,,10:52 AM,1
Châteaudun,FR,4.05,5.12,2.98,79,1031,Clear,07:40 AM,04:02 PM,5.66,,10:52 AM,6
Chartres,FR,4.44,5.06,2.92,95,1032,Clear,07:41 AM,04:00 PM,3.58,,10:51 AM,8
Charenton-le-Pont,FR,4.75,5.62,4.06,97,1032,Mist,07:39 AM,03:55 PM,1.79,,10:52 AM,90
Champs-sur-Marne,FR,4.49,5.39,3.89,95,1033,Clouds,07:39 AM,03:54 PM,5.14,,10:52 AM,90
Champigny-sur-Marne,FR,4.5,5.4,3.84,96,1032,Mist,07:39 AM,03:54 PM,4.12,,10:52 AM,90
Challans,FR,4.51,5.71,3.51,65,1028,Clear,07:48 AM,04:20 PM,5.69,,10:52 AM,4
Challans,FR,4.46,5.71,3.51,64,1028,Clear,07:48 AM,04:20 PM,5.66,,10:52 AM,4
Cergy,FR,4.97,5.67,4.14,95,1032,Mist,07:42 AM,03:55 PM,4.12,,10:52 AM,90
Cenon,FR,6.2,6.22,2.06,87,1027,Clear,07:35 AM,04:22 PM,1.54,,10:52 AM,3
Cenon,FR,5.86,5.88,1.73,87,1027,Clear,07:35 AM,04:22 PM,1.54,,10:52 AM,3
Roussillon,FR,4.08,6.68,2.52,56,1026,Clear,07:09 AM,04:02 PM,1.51,,10:52 AM,2
Clavaillan,FR,4.32,7.01,2.84,56,1026,Clear,07:09 AM,04:02 PM,1.55,,10:52 AM,2
Cavaillon,FR,5.29,7.81,3.65,81,1028,Clear,07:09 AM,04:04 PM,1.03,,10:52 AM,2
Castres,FR,11.21,12.18,7.18,68,1027,Clear,07:20 AM,04:16 PM,4.12,,10:52 AM,0
Castelnau-le-Lez,FR,7.88,8.08,7.31,74,1027,Clouds,07:13 AM,04:09 PM,3.09,,10:52 AM,90
Castelnau-le-Lez,FR,7.88,8.08,7.31,74,1027,Clouds,07:13 AM,04:09 PM,3.09,,10:52 AM,90
Carrières-sous-Poissy,FR,4.93,6.03,4.09,94,1032,Mist,07:42 AM,03:56 PM,0.45,,10:52 AM,90
Carquefou,FR,5.4,6.32,3.47,89,1029,Clouds,07:49 AM,04:17 PM,1.34,,10:52 AM,90
Carpentras,FR,5.13,7.8,3.64,77,1028,Clear,07:10 AM,04:03 PM,2.57,,10:52 AM,0
Canteleu,FR,5.67,6.16,4.45,93,1032,Clouds,07:48 AM,03:57 PM,1.34,,10:52 AM,90
Cannes,FR,12.51,15.83,10.95,54,1026,Clear,07:00 AM,03:57 PM,1.03,,10:51 AM,0
Caluire-et-Cuire,FR,1.23,2.9,-0.03,90,1030,Mist,07:17 AM,03:57 PM,1.03,,10:52 AM,90
Calais,FR,6.27,6.96,4.97,82,1034,Clouds,07:52 AM,03:47 PM,4.19,,10:48 AM,100
Cahors,FR,8.85,8.85,8.85,69,1027,Clear,07:26 AM,04:16 PM,0.79,,10:52 AM,1
Cagnes-sur-Mer,FR,12.68,15.74,7.4,54,1026,Clear,07:00 AM,03:56 PM,4.12,,10:52 AM,0
Cagnes-sur-Mer,FR,12.59,15.67,7.33,54,1026,Clear,07:00 AM,03:56 PM,4.12,,10:52 AM,0
Cachan,FR,4.57,5.45,3.89,98,1032,Mist,07:40 AM,03:55 PM,0.45,,10:52 AM,90
Bry-sur-Marne,FR,4.72,5.61,4.05,96,1033,Mist,07:39 AM,03:54 PM,5.14,,10:52 AM,90
Brunoy,FR,4.56,5.53,3.97,99,1032,Mist,07:39 AM,03:55 PM,4.12,,10:52 AM,90
Bruay-la-Buissière,FR,5.38,6.6,4.24,100,1034,Clouds,07:47 AM,03:46 PM,2.92,,10:52 AM,100
Brétigny-sur-Orge,FR,4.47,5.59,3.86,98,1032,Mist,07:39 AM,03:56 PM,4.12,,10:52 AM,90
Brest,FR,7.56,8.12,7.1,87,1029,Clear,08:05 AM,04:24 PM,7.72,,10:52 AM,4
Arrondissement de Bressuire,FR,4.47,4.47,3.88,69,1029,Clear,07:43 AM,04:14 PM,5.92,,10:48 AM,2
Bressuire,FR,-0.39,-0.39,-0.39,68,1029,Clear,07:43 AM,04:14 PM,6.01,,10:48 AM,2
Bourgoin-Jallieu,FR,1.76,4.67,0.01,67,1029,Clear,07:15 AM,03:56 PM,1.33,,10:52 AM,5
Bourgoin,FR,1.52,4.39,-0.27,67,1029,Clear,07:15 AM,03:56 PM,1.38,,10:52 AM,5
Bourg-lès-Valence,FR,0.35,10.56,0.31,100,1029,Mist,07:14 AM,04:00 PM,2.57,,10:52 AM,90
Bourg-la-Reine,FR,4.61,5.49,3.93,98,1032,Mist,07:40 AM,03:55 PM,0.45,,10:52 AM,90
Bourg-en-Bresse,FR,1.21,2.95,0,64,1029,Clear,07:17 AM,03:54 PM,1,,10:52 AM,3
Boulogne-sur-Mer,FR,5.76,6.55,4.85,82,1034,Clouds,07:51 AM,03:49 PM,4.58,,10:52 AM,95
Bouguenais,FR,5.21,6.32,3.46,88,1029,Clouds,07:49 AM,04:18 PM,6.69,,10:48 AM,90
Bondy,FR,4.66,5.49,3.93,94,1033,Clouds,07:40 AM,03:54 PM,1.79,,10:52 AM,90
Boissy-Saint-Léger,FR,4.3,5.25,3.69,97,1032,Mist,07:39 AM,03:54 PM,4.12,,10:52 AM,90
Bois-Colombes,FR,4.86,5.61,4.05,96,1032,Fog,07:40 AM,03:55 PM,1.79,,10:48 AM,90
Bobigny,FR,4.69,5.52,3.96,94,1033,Clouds,07:40 AM,03:54 PM,1.79,,10:52 AM,90
Bischheim,FR,1.84,2.97,1.04,100,1032,Mist,07:17 AM,03:34 PM,1.54,,10:52 AM,90
Bezons,FR,4.87,5.64,4.08,96,1033,Fog,07:41 AM,03:55 PM,5.14,,10:52 AM,90
Béziers,FR,8.08,11.83,7.42,87,1028,Clouds,07:15 AM,04:13 PM,2.57,,10:51 AM,90
Béthune,FR,5.56,6.78,4.42,100,1033,Clouds,07:46 AM,03:46 PM,2.84,,10:52 AM,100
Berck,FR,5.95,5.97,5.25,100,1034,Mist,07:50 AM,03:51 PM,2.06,,10:52 AM,90
Berck,FR,5.96,5.99,5.27,100,1034,Mist,07:50 AM,03:51 PM,2.06,,10:52 AM,90
Berck-Plage,FR,5.92,5.94,5.23,100,1034,Mist,07:50 AM,03:51 PM,2.06,,10:52 AM,90
Balma,FR,8.56,12.36,7.36,81,1027,Clear,07:23 AM,04:19 PM,0,,10:52 AM,0
Balma,FR,8.62,12.4,7.4,81,1027,Clear,07:23 AM,04:19 PM,0,,10:52 AM,0
Bagnols-sur-Cèze,FR,5.68,7.25,3.88,76,1027,Clear,07:12 AM,04:04 PM,2.39,,10:52 AM,2
Bagnols-sur-Cèze,FR,5.36,7.12,3.75,77,1028,Clear,07:12 AM,04:04 PM,2.57,,10:48 AM,0
Bagneux,FR,4.4,5.26,3.7,98,1032,Fog,07:40 AM,03:55 PM,0.45,,10:52 AM,90
Aulnay-sous-Bois,FR,4.76,5.56,4.06,94,1033,Clouds,07:40 AM,03:54 PM,5.14,,10:52 AM,90
Audincourt,FR,2.21,5.53,-0.4,71,1030,Clear,07:16 AM,03:43 PM,3.96,,10:52 AM,5
Audincourt,FR,2.16,5.47,-0.46,71,1030,Clear,07:16 AM,03:43 PM,3.91,,10:52 AM,5
Aubervilliers,FR,4.81,5.62,4.06,94,1033,Clouds,07:40 AM,03:54 PM,1.79,,10:52 AM,90
Aubagne,FR,10.84,13.08,5.09,70,1026,Clear,07:05 AM,04:04 PM,2.21,,10:52 AM,3
Athis-Mons,FR,4.38,5.32,3.76,98,1032,Mist,07:39 AM,03:55 PM,4.12,,10:52 AM,90
Asnières-sur-Seine,FR,4.86,5.65,4.09,96,1032,Fog,07:40 AM,03:55 PM,1.79,,10:52 AM,90
Arras,FR,4.85,5.71,4.16,98,1033,Clouds,07:45 AM,03:46 PM,2.84,,10:52 AM,100
Arles,FR,6.96,8.27,4.11,76,1027,Clouds,07:10 AM,04:06 PM,2.57,,10:52 AM,20
Argenteuil,FR,4.86,5.62,4.06,96,1033,Fog,07:41 AM,03:55 PM,5.14,,10:52 AM,90
Arcueil,FR,4.64,5.54,3.57,98,1032,Mist,07:40 AM,03:55 PM,0.45,,10:50 AM,90
Antony,FR,4.59,5.53,3.56,98,1032,Mist,07:40 AM,03:55 PM,4.12,,10:51 AM,90
Antibes,FR,12.39,15.74,10.85,51,1026,Clear,07:00 AM,03:56 PM,4.12,,10:50 AM,0
Annonay,FR,-0.36,2.05,-1.42,62,1028,Clear,07:16 AM,04:00 PM,2,,10:52 AM,3
Annonay,FR,-0.07,2.3,-1.17,62,1028,Clear,07:16 AM,04:00 PM,2.01,,10:52 AM,3
Annecy,FR,0.93,12.48,0.09,93,1029,Clouds,07:13 AM,03:52 PM,0.51,,10:52 AM,90
Anglet,FR,10.6,14.25,8.17,66,1026,Clear,07:34 AM,04:31 PM,1.54,,10:52 AM,0
Allauch,FR,10.66,12.71,6.84,63,1026,Clear,07:06 AM,04:04 PM,0.89,,10:52 AM,3
Allauch,FR,10.49,12.55,6.68,63,1026,Clear,07:06 AM,04:04 PM,0.89,,10:52 AM,3
Alès,FR,6.11,7.36,4.39,66,1027,Clear,07:14 AM,04:06 PM,1.09,,10:50 AM,0
Albertville,FR,4.93,13.18,0.79,88,1027,Clear,07:11 AM,03:52 PM,0.32,,10:52 AM,0
Ajaccio,FR,13.24,16.1,13,58,1026,Clear,06:48 AM,03:55 PM,1.03,,10:52 AM,0
Aix-les-Bains,FR,2.15,9.45,-0.27,85,1031,Clouds,07:13 AM,03:53 PM,1.79,,10:52 AM,90
Agde,FR,8.03,10.87,7.8,87,1027,Clouds,07:14 AM,04:12 PM,0.89,,10:52 AM,90
Achères,FR,4.99,5.75,4.16,95,1032,Mist,07:41 AM,03:55 PM,0.45,,10:52 AM,90
Abbeville,FR,5.45,5.98,4.6,86,1033,Clouds,07:48 AM,03:51 PM,4.14,,10:52 AM,88
Villeneuve-d'Ascq,FR,5.47,6.57,4.9,89,1033,Mist,07:45 AM,03:43 PM,2.57,,10:52 AM,90
Bourgoin-Jallieu,FR,1.73,4.64,-0.03,67,1029,Clear,07:15 AM,03:56 PM,1.37,,10:52 AM,5
Wissant,FR,6.21,7.61,4.83,82,1034,Clouds,07:52 AM,03:48 PM,4.54,,10:52 AM,100
Vitry-sur-Orne,FR,4.23,6.42,2.12,93,1029,Clouds,07:27 AM,03:38 PM,0.45,,10:52 AM,17
Villers-Bocage,FR,4.23,5.13,3.79,86,1033,Clouds,07:45 AM,03:50 PM,4.5,,10:52 AM,100
Villefranche-de-Lauragais,FR,10.59,12.26,7.81,67,1026,Clear,07:21 AM,04:19 PM,1.8,,10:52 AM,1
Villefranche-sur-Cher,FR,2.96,4.54,1.43,93,1031,Clouds,07:36 AM,04:04 PM,4.63,,10:52 AM,90
Villebernier,FR,4.81,5.17,4.05,66,1029,Clear,07:43 AM,04:11 PM,4.71,,10:52 AM,1
Vernantes,FR,4.64,4.99,3.87,70,1030,Clear,07:43 AM,04:10 PM,5.06,,10:52 AM,3
Valmont,FR,3.11,4.8,1.61,98,1031,Clear,07:23 AM,03:36 PM,2.47,,10:52 AM,0
Valbonne,FR,11.37,14.34,9.46,51,1025,Clear,07:01 AM,03:57 PM,1.03,,10:51 AM,0
Vairé,FR,3.22,4.81,1.76,62,1028,Clear,07:47 AM,04:21 PM,5.56,,10:52 AM,4
Uzemain,FR,0.27,1.99,-0.4,68,1030,Clear,07:20 AM,03:42 PM,2.39,,10:52 AM,1
Tulette,FR,4.93,5.6,3.27,75,1028,Clear,07:11 AM,04:03 PM,2.57,,10:52 AM,0
Trouillas,FR,11.78,15.89,6.77,74,1027,Clear,07:14 AM,04:17 PM,1.03,,10:52 AM,0
Treffléan,FR,4.48,5.73,3.58,100,1029,Mist,07:55 AM,04:20 PM,8.23,,10:52 AM,90
Le Blanc,FR,1.22,1.22,-0.03,60,1028,Clear,07:35 AM,04:09 PM,4.65,,10:52 AM,0
Tournay,FR,13.54,13.54,10.34,50,1025,Clear,07:26 AM,04:25 PM,0.58,,10:52 AM,0
Toulon-sur-Arroux,FR,-0.13,-0.13,-0.13,62,1029,Clear,07:24 AM,03:57 PM,1.66,,10:52 AM,1
Thouaré-sur-Loire,FR,5.35,6.29,3.43,89,1029,Clouds,07:48 AM,04:17 PM,6.69,,10:52 AM,90
Tatinghem,FR,5.83,6.65,4.94,82,1034,Clouds,07:49 AM,03:47 PM,3.24,,10:52 AM,100
Souillac,FR,8.9,8.9,8.9,65,1027,Clear,07:27 AM,04:14 PM,0.62,,10:49 AM,1
Souesmes,FR,3.49,4.28,2.69,62,1030,Clear,07:35 AM,04:01 PM,3.84,,10:52 AM,3
Sixt-sur-Aff,FR,6.16,6.33,4.77,93,1030,Clear,07:53 AM,04:17 PM,5.7,,10:52 AM,4
Sireuil,FR,0.07,10.93,-0.45,64,1027,Clear,07:36 AM,04:17 PM,1.56,,10:52 AM,3
Scherwiller,FR,1.32,2.53,0.79,77,1031,Clear,07:17 AM,03:37 PM,1.38,,10:52 AM,7
Saulgé,FR,0.05,5.9,0.05,59,1028,Clear,07:35 AM,04:11 PM,3.54,,10:52 AM,1
Sarrola,FR,12.17,15.06,11.96,58,1026,Clear,06:48 AM,03:55 PM,1.03,,10:52 AM,0
Sarrebourg,FR,2.05,4.62,1.34,80,1031,Clouds,07:20 AM,03:36 PM,3.11,,10:52 AM,45
Sarralbe,FR,3.48,4.86,1.58,83,1031,Clear,07:22 AM,03:35 PM,2.88,,10:52 AM,1
Salins,FR,4.01,4.6,3.92,82,1031,Clouds,07:35 AM,03:54 PM,4.69,,10:52 AM,11
Saint-Trojan-les-Bains,FR,2.06,2.06,2.06,66,1027,Clear,07:42 AM,04:21 PM,5.08,,10:52 AM,3
Saint-Symphorien,FR,2.03,2.03,1.06,58,1028,Clear,07:40 AM,04:17 PM,4.96,,10:52 AM,3
Saint-Paul,FR,4.65,6.14,3.89,99,1031,Clouds,07:44 AM,03:53 PM,0.45,,10:52 AM,90
Saint-Paterne-Racan,FR,3.9,4.86,3.43,73,1030,Clear,07:42 AM,04:08 PM,5.89,,10:52 AM,9
Saint-Nicolas-de-Port,FR,2.24,4.36,1.7,100,1031,Mist,07:23 AM,03:40 PM,2.57,,10:52 AM,90
Saint-Nauphary,FR,9.04,12.43,7.78,73,1027,Clear,07:24 AM,04:18 PM,1.8,,10:52 AM,0
Saint-Max,FR,2.3,4.42,1.76,100,1031,Mist,07:24 AM,03:40 PM,2.57,,10:52 AM,90
Saint-Laurent-de-la-Plaine,FR,4.54,5.23,4.08,73,1029,Clear,07:46 AM,04:14 PM,5.55,,10:52 AM,2
Saint-Jean-le-Vieux,FR,1.09,2.83,-0.12,72,1029,Clear,07:16 AM,03:54 PM,0.29,,10:52 AM,2
Saint-Jean-de-Losne,FR,2.65,3.35,1.26,84,1030,Clouds,07:21 AM,03:51 PM,3.6,,10:52 AM,90
Saint-Jean-de-Liversay,FR,2.08,3.54,2.08,58,1028,Clear,07:42 AM,04:18 PM,4.95,,10:52 AM,3
Saint-Gaudens,FR,12.81,12.81,8.08,51,1025,Clear,07:24 AM,04:23 PM,0.35,,10:50 AM,0
Saint-Fulgent,FR,3.3,5.28,3.08,63,1028,Clear,07:46 AM,04:17 PM,5.45,,10:52 AM,3
Le Pin,FR,-0.23,-0.23,-0.23,100,1030,Mist,07:23 AM,03:59 PM,3.6,,10:52 AM,90
Saint-Florent-le-Vieil,FR,5.52,5.7,4.56,74,1029,Clear,07:47 AM,04:14 PM,5.82,,10:52 AM,3
Saint-Félix-Lauragais,FR,10.72,11.75,6.75,76,1026,Clear,07:21 AM,04:18 PM,1.13,,10:52 AM,0
Saint-Étienne-de-Cuines,FR,6.04,10.95,-1.44,51,1026,Clear,07:10 AM,03:53 PM,1.21,,10:52 AM,0
Sainte-Sigolène,FR,-2.73,-2.73,-4.26,51,1027,Clear,07:18 AM,04:02 PM,1.09,,10:52 AM,4
Saint-Cassien,FR,3.63,9.05,-1.21,76,1028,Clouds,07:13 AM,03:56 PM,1.54,,10:52 AM,20
Saint-Aubin-des-Châteaux,FR,5.85,6.31,4.68,77,1030,Clear,07:50 AM,04:15 PM,5.88,,10:52 AM,3
Saint-André-les-Vergers,FR,3,3.45,2.43,100,1032,Mist,07:31 AM,03:50 PM,3.09,,10:52 AM,90
Saint-Amé,FR,-1.33,0.16,-1.56,67,1029,Clear,07:19 AM,03:41 PM,1.27,,10:52 AM,0
Rumilly-en-Cambrésis,FR,4.51,5.52,4.18,87,1033,Clouds,07:42 AM,03:45 PM,3.11,,10:52 AM,100
Rumersheim-le-Haut,FR,2.05,6.93,0.6,90,1031,Clear,07:15 AM,03:38 PM,1.71,,10:52 AM,2
Rosenau,FR,2.78,6.12,0.25,79,1030,Clouds,07:14 AM,03:39 PM,2.06,,10:52 AM,20
Rocquencourt,FR,4.12,5.31,3.36,99,1032,Mist,07:41 AM,03:56 PM,3.09,,10:52 AM,90
Rivedoux-Plage,FR,2.11,3.56,2.11,93,1028,Mist,07:43 AM,04:20 PM,7.2,,10:52 AM,90
Riquewihr,FR,0.52,2.68,-0.03,93,1031,Clouds,07:17 AM,03:38 PM,1.54,,10:52 AM,90
Riorges,FR,-0.11,1.51,-0.31,60,1028,Clear,07:21 AM,04:00 PM,1.25,,10:52 AM,1
Rinxent,FR,5.88,6.59,4.88,83,1034,Clouds,07:51 AM,03:48 PM,4.15,,10:52 AM,99
Riez,FR,7.24,9.85,4.02,40,1025,Clear,07:05 AM,04:00 PM,1.57,,10:52 AM,2
Ribaute-les-Tavernes,FR,6.69,7.58,3.44,68,1027,Clear,07:14 AM,04:07 PM,1.21,,10:52 AM,0
Réville,FR,7.85,7.85,7.85,100,1032,Clouds,07:58 AM,04:06 PM,6.69,,10:52 AM,90
Rémelfing,FR,3.59,6.54,1.83,93,1031,Mist,07:22 AM,03:35 PM,0.51,,10:52 AM,75
Réhon,FR,3.87,5.05,3.11,100,1032,Clouds,07:29 AM,03:38 PM,0.89,,10:52 AM,50
Recquignies,FR,4.51,6.2,3.91,83,1031,Clouds,07:40 AM,03:41 PM,2.77,,10:52 AM,100
Rai,FR,4.32,4.53,4.04,84,1032,Clouds,07:46 AM,04:02 PM,5.48,,10:52 AM,16
Rai,FR,4.32,4.53,4.04,84,1032,Clouds,07:46 AM,04:02 PM,5.48,,10:52 AM,16
Quillan,FR,10.09,14.92,6.45,60,1025,Clear,07:17 AM,04:18 PM,0.37,,10:52 AM,0
Quemper-Guézennec,FR,5.04,7.05,3.36,80,1031,Clear,08:01 AM,04:17 PM,6.2,,10:52 AM,9
Quelaines-Saint-Gault,FR,6.07,6.12,4.1,93,1031,Clouds,07:48 AM,04:11 PM,5.14,,10:52 AM,90
Proville,FR,4.76,5.67,4.33,88,1033,Clouds,07:42 AM,03:45 PM,2.91,,10:52 AM,100
Prix-lès-Mézières,FR,4.19,4.87,3.67,85,1032,Clouds,07:35 AM,03:41 PM,3.8,,10:52 AM,60
Prahecq,FR,0.52,1.86,0.5,58,1028,Clear,07:40 AM,04:16 PM,5.24,,10:52 AM,3
Pouzac,FR,12.07,12.07,8.87,44,1025,Clear,07:26 AM,04:26 PM,3.09,,10:52 AM,0
Pouilly-les-Nonains,FR,-0.15,1.32,-1.95,59,1028,Clear,07:22 AM,04:00 PM,1.45,,10:52 AM,1
Port-Louis,FR,5.3,7.51,4.22,87,1030,Clouds,07:58 AM,04:22 PM,7.72,,10:52 AM,20
Pont-Sainte-Marie,FR,2.97,3.44,2.42,100,1032,Mist,07:30 AM,03:50 PM,3.09,,10:52 AM,90
Pontailler-sur-Saône,FR,2.39,3.32,1.23,65,1029,Clear,07:21 AM,03:49 PM,4.1,,10:52 AM,2
Pommerit-Jaudy,FR,6.19,7.84,3.36,93,1032,Clouds,08:02 AM,04:18 PM,5.66,,10:52 AM,90
Poix-de-Picardie,FR,4.27,4.79,3.56,44,1033,Clouds,07:45 AM,03:52 PM,4.72,,10:52 AM,95
Plouvorn,FR,7.36,8.06,7.03,92,1029,Mist,08:04 AM,04:21 PM,5.66,,10:52 AM,75
Plouguin,FR,7.61,8.23,7.21,93,1029,Clear,08:06 AM,04:24 PM,7.72,,10:52 AM,4
Plouguiel,FR,6.52,7.97,3.49,93,1032,Clouds,08:02 AM,04:17 PM,5.66,,10:52 AM,90
Plougrescant,FR,6.63,8,3.52,80,1031,Clear,08:02 AM,04:17 PM,7.44,,10:52 AM,7
Plouénan,FR,7.49,8.16,7.13,92,1029,Mist,08:04 AM,04:21 PM,0.89,,10:52 AM,90
Ploubazlanec,FR,5.31,7.19,3.5,80,1031,Clear,08:01 AM,04:16 PM,7.19,,10:52 AM,10
Plouay,FR,4.75,7.05,3.76,87,1029,Clouds,07:59 AM,04:21 PM,7.72,,10:52 AM,20
Plonéis,FR,6.84,7.62,3.35,81,1029,Clear,08:02 AM,04:25 PM,3.6,,10:52 AM,0
Plomelin,FR,7.28,8.24,3.97,81,1029,Clear,08:02 AM,04:25 PM,3.6,,10:52 AM,0
Plombières-lès-Dijon,FR,1.09,2.14,0.88,93,1030,Clouds,07:23 AM,03:51 PM,3.09,,10:52 AM,90
Ploemel,FR,5.32,6.11,4.15,89,1026,Clear,07:56 AM,04:22 PM,2.68,,10:52 AM,4
Plobannalec-Lesconil,FR,7.47,8.49,4.21,81,1029,Clear,08:02 AM,04:25 PM,3.6,,10:52 AM,0
Pleuven,FR,6.71,8.06,3.79,81,1029,Clear,08:01 AM,04:24 PM,3.6,,10:52 AM,0
Pézilla-la-Rivière,FR,11.87,15.99,6.86,74,1027,Clear,07:14 AM,04:17 PM,1.03,,10:52 AM,0
Pasly,FR,4.49,5.68,2.95,88,1032,Clouds,07:38 AM,03:48 PM,4.68,,10:52 AM,41
Parthenay,FR,-0.25,-0.25,-0.25,65,1028,Clear,07:41 AM,04:14 PM,5.74,,10:52 AM,2
Pannes,FR,4.27,4.54,3.85,95,1031,Clear,07:35 AM,03:57 PM,4.75,,10:52 AM,7
Otterswiller,FR,1.77,4.98,0.73,82,1031,Clouds,07:19 AM,03:35 PM,1.47,,10:52 AM,47
Ostricourt,FR,5.42,6.19,4.54,89,1034,Mist,07:44 AM,03:45 PM,2.57,,10:52 AM,90
Orsan,FR,5.63,8.07,3.91,75,1028,Clear,07:12 AM,04:04 PM,2.57,,10:52 AM,0
Oppède le Vieux,FR,4.83,6.87,2.71,57,1026,Clear,07:09 AM,04:03 PM,1.61,,10:52 AM,2
Obermodern-Zutzendorf,FR,2.08,5.1,0.85,99,991,Clouds,07:19 AM,03:34 PM,0.98,,10:52 AM,25
Nyoiseau,FR,5.56,6.35,4.33,78,1030,Clear,07:48 AM,04:13 PM,5.49,,10:52 AM,3
Nuillé-sur-Vicoin,FR,6.14,6.18,4.15,93,1031,Clouds,07:49 AM,04:11 PM,5.14,,10:52 AM,90
Nogent-le-Phaye,FR,4.36,5.13,3.39,95,1032,Clear,07:41 AM,04:00 PM,3.58,,10:52 AM,7
Nogent-le-Bas,FR,2.05,2.05,0.96,78,1030,Clear,07:24 AM,03:46 PM,3.75,,10:52 AM,5
Niderviller,FR,1.65,4.5,0.25,80,1031,Clouds,07:20 AM,03:36 PM,2.61,,10:52 AM,45
Nesmy,FR,2.98,4.73,1.68,100,1029,Clouds,07:45 AM,04:19 PM,5.14,,10:52 AM,90
Nanteuil-lès-Meaux,FR,4.47,5.45,3.95,88,1032,Clear,07:38 AM,03:52 PM,4.58,,10:52 AM,7
Muttersholtz,FR,1.48,2.65,0.91,78,1031,Clear,07:17 AM,03:37 PM,1.59,,10:52 AM,3
Mundolsheim,FR,1.91,2.99,1.06,100,1032,Mist,07:17 AM,03:34 PM,1.54,,10:52 AM,90
Mortcerf,FR,4.02,5.14,3.64,99,1032,Clear,07:37 AM,03:53 PM,4.45,,10:52 AM,6
Montreuil-sous-Pérouse,FR,5.86,6.1,4.99,75,1030,Clear,07:51 AM,04:12 PM,5.26,,10:52 AM,9
Montmarault,FR,-2.97,-2.97,-2.97,62,1028,Clear,07:27 AM,04:03 PM,2.11,,10:52 AM,3
Montlhéry,FR,4.51,5.62,3.89,98,1032,Mist,07:39 AM,03:56 PM,1.34,,10:52 AM,90
France,FR,3.06,3.06,3.06,56,1027,Clear,07:29 AM,04:08 PM,1.06,,10:52 AM,0
Midi-Pyrénées,FR,8.06,12.02,7.92,81,1027,Clear,07:23 AM,04:20 PM,0,,10:52 AM,0
Arrondissement de Foix,FR,9.83,10.84,1.1,72,1026,Clear,07:20 AM,04:21 PM,1.03,,10:52 AM,1
Corsica,FR,7.75,9.98,6.88,58,1026,Clear,06:47 AM,03:54 PM,1.03,,10:52 AM,0
Upper Corsica,FR,9.16,11.31,6.8,43,1024,Clear,06:48 AM,03:52 PM,1.08,,10:52 AM,1
Garanou,FR,11.16,12.93,3.19,91,1027,Clear,07:19 AM,04:21 PM,2.23,,10:52 AM,2
Arrondissement de Saint-Girons,FR,10.09,12.53,2.8,55,1025,Clear,07:22 AM,04:22 PM,0.37,,10:52 AM,0
Rimont,FR,11.49,13.66,8.88,45,1025,Clear,07:21 AM,04:22 PM,0.85,,10:52 AM,0
Rimont,FR,11.41,13.54,8.76,46,1025,Clear,07:21 AM,04:22 PM,0.81,,10:52 AM,0
Cazavet,FR,11.38,11.38,11.38,46,1025,Clear,07:22 AM,04:23 PM,0.72,,10:52 AM,0
Cazavet,FR,11.39,11.39,11.39,47,1025,Clear,07:22 AM,04:23 PM,0.71,,10:52 AM,0
Les Pourpres,FR,12.92,13.72,10.68,65,1027,Clear,07:03 AM,04:02 PM,0.45,,10:52 AM,0
Narbonne,FR,9.9,12.72,7.74,73,1026,Clouds,07:15 AM,04:14 PM,0.41,,10:52 AM,21
Narbonne,FR,9.9,12.72,7.74,73,1027,Clouds,07:15 AM,04:14 PM,0.41,,10:50 AM,21
Arrondissement de Carcassonne,FR,11.09,12.66,8.69,80,1027,Clear,07:19 AM,04:17 PM,5.14,,10:49 AM,0
Villegailhenc,FR,11.18,12.61,8.64,76,1027,Clear,07:18 AM,04:16 PM,5.14,,10:52 AM,0
Villegailhenc,FR,11.18,12.61,8.64,76,1027,Clear,07:18 AM,04:16 PM,5.14,,10:52 AM,0
